Component,Attribute,Description,Required,Conditional If,Type,Valid Values
BiospecimenData,ACQUISITION_METHOD_OTHER_SPECIFY,A custom acquisition method,False,,string,"^.{0,100}$"
BiospecimenData,ACQUISITION_METHOD_TYPE,,True,,string,"Autopsy, Biopsy, Blood draw, Core needle biopsy, Excisional Biopsy, Fine needle aspirate, Forceps Biopsy, Incisional Biopsy, Lymphadenectomy (regional nodes), Not applicable, Not reported, Not specified, Other, Pancreaticoduodenectomy, Punch biopsy, Re-excision, Sentinel node biopsy, Shave biopsy, Surgical Resection, Unknown"
BiospecimenData,ADJACENT_BIOSPECIMEN_IDS,List of HTAN Identifiers (separated by commas) of adjacent biospecimens cut from the same sample,False,,array[string],
BiospecimenData,AGE_IN_DAYS_AT_SECTIONING,The age in days of a subject when a specimen tissue block was sectioned,False,,integer,
BiospecimenData,AGE_IN_DAYS_AT_SPECIMEN_COLLECTION,The age in days of the subject at the time of specimen collection,True,,integer,
BiospecimenData,AGE_IN_DAYS_AT_SPECIMEN_PROCESSING,The age in days of a subject when a specimen was processed,True,,integer,
BiospecimenData,ANALYTE_TYPE,,False,,string,"DNA, Not Reported, Nucleic RNA, Protein, RNA, Total RNA, Unknown, cfDNA, ctDNA, mRNA, miRNA"
BiospecimenData,BIOSPECIMEN_TYPE,,True,,string,"Ascites, Blood, Body Fluid or Substance, Bone Marrow, Cell Line, Cells, Central Nervous System, DNA, Mouth Rinse, Not Reported, RNA, Saliva, Skin, Sputum, Stool, Tissue, Unknown, Urine, Xenograft"
BiospecimenData,DEGREE_OF_DYSPLASIA,,False,,string,"1, 2, 3, 99"
BiospecimenData,FIXATION_DURATION_IN_MINUTES,"The length of time, from beginning to end, required to process or preserve biospecimens in fixative",False,,integer,
BiospecimenData,HTAN_BIOSPECIMEN_ID,HTAN Biospecimen ID (Primary Key),True,,string,"^(?=.{1,50}$)(HTA2[0-2][0-9])_(0000|EXT[0-9]{1,18}|[0-9]{1,21})_(B[0-9]{1,20})$"
BiospecimenData,HTAN_PARENT_ID,HTAN Parent ID - Foreign Key to parent entity (Participant ID or Biospecimen ID with B suffix). Supports HTA200-229 for phase 2.,True,,string,"^(?=.{1,50}$)(HTA2[0-2][0-9])_(0000|EXT[0-9]{1,18}|[0-9]{1,21})(?:_(B[0-9]{1,20}))?$"
BiospecimenData,ICD_10_DISEASE_CODE,,False,,string,Link to IDC 10 Codes: https://www.cdc.gov/nchs/icd/icd-10-cm/files.html?CDC_AAref_Val=https://www.cdc.gov/nchs/icd/Comprehensive-Listing-of-ICD-10-CM-Files.htm
BiospecimenData,ICD_O_3_TISSUE_MORPHOLOGY,,False,,string,"9715/3, 9737/3, 9870/3, 9805/3, 9910/3, 9911/3, 9891/3, 9861/3, 9912/3, 9871/3, 9878/3, 9865/3, 9897/3, 9869/3, 9896/3, 9874/3, 9872/3, 9877/3, 9879/3, 9895/3, 9873/3, 9867/3, 9931/3, 9866/3, 9801/3, 9827/3, 9948/3, 9714/3, 9705/3, 9767/1, 9876/3, 9813/3, 9596/3, 9833/3, 9812/3, 9819/3, 9814/3, 9815/3, 9817/3, 9818/3, 9816/3, 9811/3, 9727/3, 9826/3, 9687/3, 9964/3, 9823/3, 9875/3, 9863/3, 9945/3, 9963/3, 9650/3, 9653/3, 9651/3, 9652/3, 9663/3, 9680/3, 9680/1, 9717/3, 9749/3, 9962/3, 9719/3, 9699/3, 9759/3, 9758/3, 9690/3, 9695/3, 9691/3, 9698/3, 9738/3, 9738/1, 9940/3, 9762/3, 9716/3, 9755/3, 9661/3, 9654/3, 9655/3, 9664/3, 9665/3, 9667/3, 9662/3, 9725/1, 9725/3, 9761/1, 9760/3, 9764/3, 9695/1, 9673/1, 9702/1, 9741/1, 9757/3, 9712/3, 9946/3, 9749/1, 9751/1, 9751/3, 9754/3, 9753/1, 9752/1, 9756/3, 9800/3, 9820/3, 9766/3, 9766/1, 9718/1, 9671/3, 9970/1, 9750/3, 9590/3, 9684/3, 9675/3, 9670/3, 9673/3, 9742/3, 9740/3, 9740/1, 9679/3, 9806/3, 9807/3, 9808/3, 9809/3, 9823/1, 9591/1, 9765/1, 9769/1, 9700/3, 9986/3, 9983/3, 9985/3, 9993/3, 9982/3, 9980/3, 9989/3, 9975/3, 9898/3, 9860/3, 9930/3, 9967/3, 9968/3, 9965/3, 9966/3, 9960/3, 9659/3, 9591/3, 9702/3, 9733/3, 9732/3, 9735/3, 9734/3, 9950/3, 9971/1, 9971/3, 9836/3, 9728/3, 9729/3, 9835/3, 9709/1, 9718/3, 9597/3, 9726/3, 9709/3, 9678/3, 9961/3, 9832/3, 9840/3, 9984/3, 9991/3, 9992/3, 9701/3, 9731/3, 9689/3, 9708/3, 9724/3, 9741/3, 9831/3, 9834/3, 9688/3, 9768/1, 9837/3, 9987/3, 9920/3, 9898/1, 9761/3"
BiospecimenData,LONGEST_DIMENSION,"Numeric value that represents the longest dimension of the sample, measured in millimeters",False,,number,
BiospecimenData,METHOD_OF_NUCLEIC_ACID_ISOLATION,Bulk RNA & DNA-seq specific: method used for nucleic acid isolation,False,,string,"^.{0,100}$"
BiospecimenData,PERCENT_NECROSIS,Numeric value to represent the percentage of cell death in a malignant tumor sample or specimen,False,,number,
BiospecimenData,PERCENT_NORMAL_CELLS,Numeric value to represent the percentage of normal cell content in a malignant tumor sample or specimen,False,,number,
BiospecimenData,PERCENT_TUMOR_CELLS,Numeric value that represents the percentage of infiltration by tumor cells in a sample,False,,number,
BiospecimenData,PERCENT_TUMOR_NUCLEI,Numeric value to represent the percentage of tumor nuclei in a malignant neoplasm sample or specimen,False,,number,
BiospecimenData,PRESERVATION_MEDIUM,,True,,string,"Desiccant, EDTA, FFPE, Formalin Fixed - Buffered, Formalin Fixed - Unbuffered, Formalin Fixed Tissue, Glutaraldehyde, Isopentane, Liquid Nitrogen, Liquid Nitrogen Vapor, Not Applicable, Not Reported, OCT, Paraffin Block, RNALater, TRIzol, Unknown"
BiospecimenData,PRESERVATION_METHOD,,True,,string,"Cryopreserved, Cytospin Slide, Fixation, Fresh, Fresh Dissociated, Fresh Dissociated and Single Cell Sorted, Fresh Dissociated and Single Cell Sorted into Plates, Frozen, Not Applicable, Not Reported, Refrigerated, Refrigerated Vacuum Chamber, Snap Frozen, Unknown"
BiospecimenData,PRESERVATION_METHOD_TEMPERATURE,,True,,string,"-150 degrees C, -20 Degrees C, -70 degrees C, -80 Degrees C, 25 Degrees C, 4 Degrees C, Ambient Temperature, Not Applicable, Not Reported, Unknown"
BiospecimenData,PROCESSING_LOCATION,Site with an HTAN center where specimen processing occurs,False,,string,
BiospecimenData,SECTION_NUMBER_IN_SEQUENCE,"Numeric value (integer, including ranges) provided to a sample in a series of sections",False,,integer,
BiospecimenData,SECTION_THICKNESS_VALUE,"Numeric value to describe the thickness of a slice to tissue taken from a biospecimen, measured in microns",False,,number,
BiospecimenData,SHIPPING_CONDITION_TYPE,,True,,string,"Ambient Pack, Cold Pack, Dry Ice, Ice Pack, Liquid Nitrogen, Not recorded, Not shipped, Other shipping environment, Specimen at Room Temperature, Unknown"
BiospecimenData,SHORTEST_DIMENSION,"Numeric value that represents the shortest dimension of the sample, measured in millimeters",False,,number,
BiospecimenData,SITE_DATA_SOURCE,Text to identify the data source for the specimen/sample from within the HTAN center,False,,string,
BiospecimenData,SITE_OF_RESECTION_OR_BIOPSY,UBERON codes for tissues and organs of origin,True,,string,Link to UBERON Codes: https://www.ebi.ac.uk/ols4/ontologies/uberon
BiospecimenData,SLICING_METHOD,,False,,string,"Vibratome, Cryosectioning, Tissue molds, Sliding microtome, Sectioning, Other, Unknown, Not Reported"
BiospecimenData,SLIDE_CHARGE_TYPE,,False,,string,"Charged, Not applicable, Not recorded, Other (specify), Uncharged, Unknown"
BiospecimenData,SPECIMEN_CELLULAR_ARCHITECTURE,,True,,string,"Mixed, Normal, Not Reported, Precancerous, Tumor, Unknown"
BiospecimenData,SPECIMEN_LATERALITY,,True,,string,"Bilateral, Left, Midline, Not Applicable, Not Reported, Not Specified, Right, Unknown"
BiospecimenData,TIMEPOINT,,False,,string,Link to NCI Permissible values for TIMEPOINT: https://cadsr.cancer.gov/onedata/dmdirect/NIH/NCI/CO/CDEDD?filter=CDEDD.ITEM_ID=5899851%20and%20ver_nr=1
BiospecimenData,TISSUE_SAMPLE_TYPE,,False,,string,"Tissue Block, Tissue Section"
BiospecimenData,TUMOR_CLASSIFICATION,,False,,string,"Metastatic, Not Applicable, Not Reported, Premalignant, Primary, Prior Primary, Progression, Recurrent, Synchronous Primary, Unknown, Xenograft"
BulkWESLevel1,ADAPTER_NAME,Name of the adapter used,False,,string,
BulkWESLevel1,ADAPTER_SEQUENCE,Adapter sequence,False,,string,
BulkWESLevel1,BASE_CALLER_NAME,Name of the base caller,False,,string,
BulkWESLevel1,BASE_CALLER_VERSION,Version of the base caller,False,,string,
BulkWESLevel1,CHECKSUM,Checksum for data integrity verification,False,,string,
BulkWESLevel1,FILENAME,Name of the file. Must end with an extension matching the FILE_FORMAT (.fastq for fastq; .fastq.gz or .fq.gz for fastq.gz),True,,string,^.+\.(fastq|fq)(\.gz)?$
BulkWESLevel1,FILE_FORMAT,Format of the raw sequencing file (fastq or fastq.gz),True,,string,^(fastq|fastq\.gz)$
BulkWESLevel1,FLOW_CELL_BARCODE,Flow cell barcode,False,,string,
BulkWESLevel1,FRAGMENT_MAXIMUM_LENGTH,Maximum fragment length,False,,integer,
BulkWESLevel1,FRAGMENT_MEAN_LENGTH,Mean fragment length,False,,integer,
BulkWESLevel1,FRAGMENT_MINIMUM_LENGTH,Minimum fragment length,False,,integer,
BulkWESLevel1,FRAGMENT_STANDARD_DEVIATION_LENGTH,Standard deviation of fragment length,False,,integer,
BulkWESLevel1,GENOME_ANNOTATION_URL,URL to genome annotation,False,,string,
BulkWESLevel1,GENOMIC_REFERENCE,Genomic reference used for alignment,True,,string,
BulkWESLevel1,GENOMIC_REFERENCE_URL,URL to genomic reference,False,,string,
BulkWESLevel1,HTAN_DATA_FILE_ID,HTAN Data File ID (Primary Key),True,,string,"^(?=.{1,50}$)(HTA2[0-2][0-9])_(0000|EXT[0-9]{1,18}|[0-9]{1,21})_(D[0-9]{1,20})$"
BulkWESLevel1,HTAN_PARENT_ID,"HTAN Parent ID - Foreign Key to parent entity (B for Biospecimen, D for data file). Must have B or D suffix. Supports HTA200-229 for phase 2.",True,,string,"^(?=.{1,50}$)(HTA2[0-2][0-9])_(0000|EXT[0-9]{1,18}|[0-9]{1,21})_([BD][0-9]{1,20})$"
BulkWESLevel1,LANE_NUMBER,Lane number,False,,integer,
BulkWESLevel1,LIBRARY_LAYOUT,,True,,string,"Paired-end, Single-end"
BulkWESLevel1,LIBRARY_PREPARATION_DAYS_FROM_INDEX,Days from index for library preparation,False,,integer,
BulkWESLevel1,LIBRARY_PREPARATION_KIT_NAME,Name of the library preparation kit,False,,string,
BulkWESLevel1,LIBRARY_PREPARATION_KIT_VENDOR,Vendor of the library preparation kit,False,,string,
BulkWESLevel1,LIBRARY_PREPARATION_KIT_VERSION,Version of the library preparation kit,False,,string,
BulkWESLevel1,LIBRARY_SELECTION_METHOD,,True,,string,"Hybrid Selection, PCR, RANDOM, other"
BulkWESLevel1,MULTIPLEX_BARCODE,Multiplex barcode,False,,string,
BulkWESLevel1,PROTOCOL_LINK,Link to sequencing protocol,False,,string,
BulkWESLevel1,READ_INDICATOR,Read indicator,False,,string,
BulkWESLevel1,READ_LENGTH,Read length in base pairs,True,,integer,
BulkWESLevel1,SEQUENCING_BATCH_ID,Sequencing batch identifier,False,,string,
BulkWESLevel1,SEQUENCING_PLATFORM,,True,,string,"ABI_SOLID, BGISEQ, CAPILLARY, COMPLETE_GENOMICS, HELICOS, ILLUMINA, ION_TORRENT, LS454, OXFORD_NANOPORE, PACBIO_SMRT"
BulkWESLevel1,SIZE_SELECTION_RANGE,Size selection range,False,,string,
BulkWESLevel1,TARGET_CAPTURE_KIT,Target capture kit used,False,,string,
BulkWESLevel1,TARGET_DEPTH,Target sequencing depth,False,,integer,
BulkWESLevel1,TECHNICAL_REPLICATE_GROUP,Technical replicate group identifier,False,,string,
BulkWESLevel1,TO_TRIM_ADAPTER_SEQUENCE,Whether to trim adapter sequence,False,,boolean,
BulkWESLevel1,WORKFLOW_LINK,Link to workflow or command. DockStore.org recommended,False,,string,
BulkWESLevel1,WORKFLOW_VERSION,Major version of the workflow,True,,string,
BulkWESLevel2,ADAPTER_CONTENT,Adapter content information,False,,string,
BulkWESLevel2,ALIGNMENT_WORKFLOW_TYPE,Type of alignment workflow used,True,,string,
BulkWESLevel2,AVERAGE_BASE_QUALITY,Average base quality,False,,number,
BulkWESLevel2,AVERAGE_INSERT_SIZE,Average insert size,False,,integer,
BulkWESLevel2,AVERAGE_READ_LENGTH,Average read length,False,,integer,
BulkWESLevel2,BASIC_STATISTICS,Basic statistics from QC,False,,string,
BulkWESLevel2,CHECKSUM,Checksum for data integrity verification,False,,string,
BulkWESLevel2,CONTAMINATION,Contamination estimate,False,,number,
BulkWESLevel2,CONTAMINATION_ERROR,Contamination error estimate,False,,number,
BulkWESLevel2,ENCODING,Encoding information,False,,string,
BulkWESLevel2,FILENAME,Name of the file. Must end with an extension matching the FILE_FORMAT (.bam for bam; .cram for cram),True,,string,^.+\.(bam|cram)$
BulkWESLevel2,FILE_FORMAT,Format of the aligned file (bam or cram),True,,string,^(bam|cram)$
BulkWESLevel2,GENOME_ANNOTATION_URL,URL to genome annotation,False,,string,
BulkWESLevel2,GENOMIC_REFERENCE,Genomic reference used for alignment,True,,string,
BulkWESLevel2,GENOMIC_REFERENCE_URL,URL to genomic reference,False,,string,
BulkWESLevel2,HTAN_DATA_FILE_ID,HTAN Data File ID (Primary Key),True,,string,"^(?=.{1,50}$)(HTA2[0-2][0-9])_(0000|EXT[0-9]{1,18}|[0-9]{1,21})_(D[0-9]{1,20})$"
BulkWESLevel2,HTAN_PARENT_ID,"HTAN Parent ID - Foreign Key to parent entity (B for Biospecimen, D for data file). Must have B or D suffix. Supports HTA200-229 for phase 2.",True,,string,"^(?=.{1,50}$)(HTA2[0-2][0-9])_(0000|EXT[0-9]{1,18}|[0-9]{1,21})_([BD][0-9]{1,20})$"
BulkWESLevel2,INDEX_FILE_NAME,Name of the index file,False,,string,
BulkWESLevel2,IS_LOWEST_LEVEL,Whether this is the lowest level,False,,boolean,
BulkWESLevel2,LIBRARY_LAYOUT,,True,,string,"Paired-end, Single-end"
BulkWESLevel2,LIBRARY_PREPARATION_DAYS_FROM_INDEX,Days from index for library preparation,False,,integer,
BulkWESLevel2,MEAN_COVERAGE,Mean coverage depth,True,,number,
BulkWESLevel2,OVERREPRESENTED_SEQUENCES,Overrepresented sequences,False,,string,
BulkWESLevel2,PAIRS_ON_DIFF_CHR,Number of read pairs on different chromosomes,False,,integer,
BulkWESLevel2,PERCENT_GC_CONTENT,Percent GC content,False,,number,
BulkWESLevel2,PER_BASE_N_CONTENT,Per base N content,False,,string,
BulkWESLevel2,PER_BASE_SEQUENCE_CONTENT,Per base sequence content,False,,string,
BulkWESLevel2,PER_BASE_SEQUENCE_QUALITY,Per base sequence quality,False,,string,
BulkWESLevel2,PER_SEQUENCE_GC_CONTENT,Per sequence GC content,False,,string,
BulkWESLevel2,PER_SEQUENCE_QUALITY_SCORE,Per sequence quality score,False,,string,
BulkWESLevel2,PER_TILE_SEQUENCE_QUALITY,Per tile sequence quality,False,,string,
BulkWESLevel2,PROPORTION_BASE_MISMATCH,Proportion of base mismatches,False,,number,
BulkWESLevel2,PROPORTION_COVERAGE_10X,Proportion of coverage at 10x,False,,number,
BulkWESLevel2,PROPORTION_COVERAGE_30X,Proportion of coverage at 30x,False,,number,
BulkWESLevel2,PROPORTION_READS_DUPLICATED,Proportion of duplicated reads,False,,number,
BulkWESLevel2,PROPORTION_READS_MAPPED,Proportion of mapped reads,True,,number,
BulkWESLevel2,PROPORTION_TARGETS_NO_COVERAGE,Proportion of targets with no coverage,False,,number,
BulkWESLevel2,PROTOCOL_LINK,Link to sequencing protocol,False,,string,
BulkWESLevel2,QC_WORKFLOW_LINK,Link to QC workflow,False,,string,
BulkWESLevel2,QC_WORKFLOW_TYPE,QC workflow type,False,,string,
BulkWESLevel2,QC_WORKFLOW_VERSION,QC workflow version,False,,string,
BulkWESLevel2,SEQUENCE_DUPLICATION_LEVELS,Sequence duplication levels,False,,string,
BulkWESLevel2,SEQUENCE_LENGTH_DISTRIBUTION,Sequence length distribution,False,,string,
BulkWESLevel2,SEQUENCING_BATCH_ID,Sequencing batch identifier,False,,string,
BulkWESLevel2,SEQUENCING_PLATFORM,,True,,string,"ABI_SOLID, BGISEQ, CAPILLARY, COMPLETE_GENOMICS, HELICOS, ILLUMINA, ION_TORRENT, LS454, OXFORD_NANOPORE, PACBIO_SMRT"
BulkWESLevel2,SHORT_READS,Number of short reads,False,,integer,
BulkWESLevel2,TECHNICAL_REPLICATE_GROUP,Technical replicate group identifier,False,,string,
BulkWESLevel2,TOTAL_READS,Total number of reads,True,,integer,
BulkWESLevel2,TOTAL_UNIQUELY_MAPPED,Total number of uniquely mapped reads,True,,integer,
BulkWESLevel2,TOTAL_UNMAPPED_READS,Total number of unmapped reads,True,,integer,
BulkWESLevel2,WORKFLOW_LINK,Link to workflow or command. DockStore.org recommended,False,,string,
BulkWESLevel2,WORKFLOW_VERSION,Major version of the workflow,True,,string,
BulkWESLevel3,CHECKSUM,Checksum for data integrity verification,False,,string,
BulkWESLevel3,FILENAME,Name of the file. Must end with an extension matching the FILE_FORMAT (.vcf for vcf; .vcf.gz for vcf.gz),True,,string,^.+\.vcf(\.gz)?$
BulkWESLevel3,FILE_FORMAT,Format of the variant file (vcf or vcf.gz),True,,string,^(vcf|vcf\.gz)$
BulkWESLevel3,GENOME_ANNOTATION_URL,URL to genome annotation,False,,string,
BulkWESLevel3,GENOMIC_REFERENCE,Genomic reference used for alignment,True,,string,
BulkWESLevel3,GENOMIC_REFERENCE_URL,URL to genomic reference,False,,string,
BulkWESLevel3,GERMLINE_VARIANTS_WORKFLOW_TYPE,Type of germline variants workflow,False,,string,
BulkWESLevel3,GERMLINE_VARIANTS_WORKFLOW_URL,URL to the germline variants workflow,False,,string,
BulkWESLevel3,HTAN_DATA_FILE_ID,HTAN Data File ID (Primary Key),True,,string,"^(?=.{1,50}$)(HTA2[0-2][0-9])_(0000|EXT[0-9]{1,18}|[0-9]{1,21})_(D[0-9]{1,20})$"
BulkWESLevel3,HTAN_PARENT_ID,"HTAN Parent ID - Foreign Key to parent entity (B for Biospecimen, D for data file). Must have B or D suffix. Supports HTA200-229 for phase 2.",True,,string,"^(?=.{1,50}$)(HTA2[0-2][0-9])_(0000|EXT[0-9]{1,18}|[0-9]{1,21})_([BD][0-9]{1,20})$"
BulkWESLevel3,LIBRARY_LAYOUT,,True,,string,"Paired-end, Single-end"
BulkWESLevel3,LIBRARY_PREPARATION_DAYS_FROM_INDEX,Days from index for library preparation,False,,integer,
BulkWESLevel3,MSI_SCORE,MSI score,False,,number,
BulkWESLevel3,MSI_STATUS,,False,,string,"MSI-H, MSI-L, MSS, Unknown"
BulkWESLevel3,MSI_WORKFLOW_LINK,Link to MSI workflow,False,,string,
BulkWESLevel3,PROTOCOL_LINK,Link to sequencing protocol,False,,string,
BulkWESLevel3,SEQUENCING_BATCH_ID,Sequencing batch identifier,False,,string,
BulkWESLevel3,SEQUENCING_PLATFORM,,True,,string,"ABI_SOLID, BGISEQ, CAPILLARY, COMPLETE_GENOMICS, HELICOS, ILLUMINA, ION_TORRENT, LS454, OXFORD_NANOPORE, PACBIO_SMRT"
BulkWESLevel3,SOMATIC_VARIANTS_SAMPLE_TYPE,,False,,string,"Metastatic, Normal, Other, Primary, Recurrent"
BulkWESLevel3,SOMATIC_VARIANTS_WORKFLOW_TYPE,Type of somatic variants workflow,False,,string,
BulkWESLevel3,SOMATIC_VARIANTS_WORKFLOW_URL,URL to the somatic variants workflow,False,,string,
BulkWESLevel3,STRUCTURAL_VARIANT_WORKFLOW_TYPE,Type of structural variant workflow,False,,string,
BulkWESLevel3,STRUCTURAL_VARIANT_WORKFLOW_URL,URL to the structural variant workflow,False,,string,
BulkWESLevel3,TECHNICAL_REPLICATE_GROUP,Technical replicate group identifier,False,,string,
BulkWESLevel3,WORKFLOW_LINK,Link to workflow or command. DockStore.org recommended,False,,string,
BulkWESLevel3,WORKFLOW_VERSION,Major version of the workflow,True,,string,
Demographics,ETHNIC_GROUP,,True,,string,"Hispanic or Latino, Not Hispanic or Latino, Not Allowed To Collect, Not Reported, Unknown"
Demographics,GENDER_IDENTITY,,True,,string,"Female, Male, Other, Unknown, Not Reported"
Demographics,RACE,,True,,string,"American Indian or Alaska Native, Asian, Black or African American, Native Hawaiian or Other Pacific Islander, White, Not Allowed To Collect, Not Reported, Unknown"
Demographics,SEX,,True,,string,"Female, Male, Other, Unknown, Not Reported"
Diagnosis,AGE_IN_DAYS_AT_DIAGNOSIS,Age at the time of diagnosis expressed in number of days since birth. Use -1 if this data point is not available. (caDSR:15019300) (No CRDC Standard Available),True,,,
Diagnosis,AGE_IN_DAYS_AT_LAST_KNOWN_DISEASE_STATUS,Age in days of subject at the time of their last known disease status. Use -1 if this data point is not available. (caDSR:14589579) (No CRDC Standard Available),True,,,
Diagnosis,AJCC_STAGING_SYSTEM_EDITION,,True,,string,"1st, 2nd, 3rd, 4th, 5th, 6th, 7th, 8th"
Diagnosis,CLINICAL_M_STAGE,,True,,string,"M0, M1, M1a, M1b, M1c, MX, Not Reported, Unknown, cM0 (i+)"
Diagnosis,CLINICAL_N_STAGE,,True,,string,"N0, N0 (i+), N0 (i-), N0 (mol+), N0 (mol-), N1, N1a, N1b, N1bI, N1bII, N1bIII, N1bIV, N1c, N1mi, N2, N2a, N2b, N2c, N3, N3a, N3b, N3c, N4, NX, Not Reported, Unknown"
Diagnosis,CLINICAL_T_STAGE,,True,,string,"Not Reported, T0, T1, T1a, T1a1, T1a2, T1b, T1b1, T1b2, T1c, T1mi, T2, T2a, T2a1, T2a2, T2b, T2c, T2d, T3, T3a, T3b, T3c, T3d, T4, T4a, T4b, T4c, T4d, T4e, T5, TX, Ta, Tis, Tis (DCIS), Tis (LCIS), Tis (Paget's), Unknown"
Diagnosis,LAST_KNOWN_DISEASE_STATUS,,True,,string,"Biochemical evidence of disease without structural correlate, Distant Metastasis, Localized Disease, New Tumor Event, Not Allowed To Collect, Not Applicable, Not Reported, Regional Disease, Tumor Free, Unknown, With Tumor"
Diagnosis,METASTASIS_AT_DIAGNOSIS,,True,,string,"Metastatic, Non-metastatic (confirmed), Non-metastatic (unconfirmed), Unknown"
Diagnosis,METHOD_OF_DIAGNOSIS,,True,,string,"Autopsy, Biopsy, Blood Sample, Bone Marrow Aspirate, Core Biopsy, Cystoscopy, Diagnostic Imaging, Dilation and Curettage, Enucleation, Excisional Biopsy, Fine Needle Aspiration, Histopathology, Imaging Technique, Incisional Biopsy, Laparoscopy, Laparotomy, Magnetic Resonance Imaging Study File, Not Reported, Pap Smear, Pathologic Review, Physical Examination, Surgical Resection, Thoracentesis, Tumor Debulking, Ultrasound Guided Biopsy, Ultrasound Imaging, Unknown"
Diagnosis,PRIMARY_DIAGNOSIS_NCI_THESAURUS_ID,"NCI Thesaurus concept identifier for primary diagnosis. Note that NCI Thesaurus offers very broad and very granular cancer types. Please select the most granular disease term most relevant to your research atlas. For example, for Ovarian Cancer, use: C4908: Ovarian Carcinoma, and not a more specific code such as: C139964: Stage I Ovarian Cancer AJCC v8.",True,,string,Link to NCI Primary Diagnosis: https://github.com/ncihtan/phase2_clinical_data_model/raw/refs/heads/main/external/ncit_diagnosis.xlsx
Diagnosis,TISSUE_OR_ORGAN_OF_ORIGIN_UBERON_CODE,UBERON codes for tissues and organs of origin,True,,string,Link to UBERON Codes: https://www.ebi.ac.uk/ols4/ontologies/uberon
Diagnosis,TUMOR_CLASSIFICATION_CATEGORY,,True,,string,"Metastatic, Not Applicable, Not Reported, Premalignant, Primary, Prior Primary, Progression, Recurrent, Synchronous Primary, Unknown, Xenograft"
Diagnosis,TUMOR_GRADE,,True,,string,"G1 Low Grade, G2 Intermediate Grade, G3 High Grade, G4 Anaplastic, GB Borderline, GX Grade Cannot Be Assessed, Not Applicable, Not Reported, Unknown"
DigitalPathologyData,ANNOTATION_TYPE,,False,HAS_ANNOTATIONS == True,string,"Artifact, Cell, Nucleus, ROI, Tissue"
DigitalPathologyData,CITATION_OR_DOI,Raw Data Protocol or Digital Object Identifier Text; Publication and/or digital object identifier of the publication for open access studies. Must be a valid URL (http or https).,True,,string,"^(?:(?:https?)://)(?:\S+(?::\S*)?@)?(?:(?!(?:10|127)(?:\.\d{1,3}){3})(?!(?:169\.254|192\.168)(?:\.\d{1,3}){2})(?!172\.(?:1[6-9]|2\d|3[0-1])(?:\.\d{1,3}){2})(?:[1-9]\d?|1\d\d|2[01]\d|22[0-3])(?:\.(?:1?\d{1,2}|2[0-4]\d|25[0-5])){2}(?:\.(?:[1-9]\d?|1\d\d|2[0-4]\d|25[0-4]))|(?:(?:[a-z\u00a1-\uffff0-9]-*)*[a-z\u00a1-\uffff0-9]+)(?:\.(?:[a-z\u00a1-\uffff0-9]-*)*[a-z\u00a1-\uffff0-9]+)*(?:\.(?:[a-z\u00a1-\uffff]{2,}))\.?)(?::\d{2,5})?(?:[/?#]\S*)?$"
DigitalPathologyData,DE_IDENTIFICATION_METHOD_DESCRIPTION,Required when DE_IDENTIFICATION_METHOD_TYPE is not 'Not Applicable',False,DE_IDENTIFICATION_METHOD_TYPE is present,string,
DigitalPathologyData,DE_IDENTIFICATION_METHOD_TYPE,,True,,string,"Automatic, Manual, Not Applicable, Semiautomatic"
DigitalPathologyData,DE_IDENTIFICATION_SOFTWARE,Software that was used to de-identify the images (if used),False,,string,
DigitalPathologyData,DE_IDENTIFIED,"Confirm that any HIPAA identifiers are redacted, masked, or not present in the slide label and that any dates or strings present in internal metadata does not represent PHI",True,,boolean,
DigitalPathologyData,EXPERIMENTAL_STRATEGY_AND_DATA_SUBTYPES,,True,,string,Pathological
DigitalPathologyData,FILENAME,"Name of the file. Must end with an extension matching the FILE_FORMAT (.ome.tif, .ome.tiff, .ome.tf2, .ome.tf8, .ome.btf for ome-tiff; .tiff or .tif for tiff; .qptiff for qptiff; .svs for svs)",True,,string,^.+\.(ome\.(tif|tiff|tf2|tf8|btf)|tiff?|qptiff|svs)$
DigitalPathologyData,FILE_FORMAT,"Format of the imaging file. Must be compatible with Bio-Formats or OpenSlide Python. OME-TIFF files use extensions .ome.tif, .ome.tiff, .ome.tf2, .ome.tf8, or .ome.btf",True,,string,^(ome-tiff|tiff|qptiff|svs)$
DigitalPathologyData,HAS_ANNOTATIONS,Does the image contain annotations,True,,boolean,
DigitalPathologyData,HAS_SLIDE_LABEL,Does the image contain a slide label,True,,boolean,
DigitalPathologyData,HTAN_DATA_FILE_ID,HTAN Data File ID (Primary Key),True,,string,"^(?=.{1,50}$)(HTA2[0-2][0-9])_(0000|EXT[0-9]{1,18}|[0-9]{1,21})_(D[0-9]{1,20})$"
DigitalPathologyData,HTAN_PARENT_ID,"HTAN Parent ID - Foreign Key to parent entity (B for Biospecimen, D for data file). Must have B or D suffix. Supports HTA200-229 for phase 2.",True,,string,"^(?=.{1,50}$)(HTA2[0-2][0-9])_(0000|EXT[0-9]{1,18}|[0-9]{1,21})_([BD][0-9]{1,20})$"
DigitalPathologyData,IMAGE_MODALITY,,True,,string,SM
DigitalPathologyData,IMAGING_EQUIPMENT_MANUFACTURER,Producer of the imaging equipment that was used to generate the digital image,True,,string,
DigitalPathologyData,IMAGING_EQUIPMENT_MODEL,The words used to describe the specific model of the instrument used to carry out an imaging experiment,False,,string,
DigitalPathologyData,IMAGING_PROTOCOL,A rule which guides how an activity should be performed. Protocols.io ID or DOI link to a free/open protocol resource describing in detail the assay protocol. Must be a valid URL (http or https).,False,,string,"^(?:(?:https?)://)(?:\S+(?::\S*)?@)?(?:(?!(?:10|127)(?:\.\d{1,3}){3})(?!(?:169\.254|192\.168)(?:\.\d{1,3}){2})(?!172\.(?:1[6-9]|2\d|3[0-1])(?:\.\d{1,3}){2})(?:[1-9]\d?|1\d\d|2[01]\d|22[0-3])(?:\.(?:1?\d{1,2}|2[0-4]\d|25[0-5])){2}(?:\.(?:[1-9]\d?|1\d\d|2[0-4]\d|25[0-4]))|(?:(?:[a-z\u00a1-\uffff0-9]-*)*[a-z\u00a1-\uffff0-9]+)(?:\.(?:[a-z\u00a1-\uffff0-9]-*)*[a-z\u00a1-\uffff0-9]+)*(?:\.(?:[a-z\u00a1-\uffff]{2,}))\.?)(?::\d{2,5})?(?:[/?#]\S*)?$"
DigitalPathologyData,IMAGING_SOFTWARE,"The name of the software package that was used to capture, generate, and process the image",False,,string,
DigitalPathologyData,IMMERSION,,False,,string,"Air, Glycerol, Oil, Other, Water"
DigitalPathologyData,LENS_NUMERICAL_APERTURE,The numerical aperture of the lens. Floating point value > 0.,False,,number,
DigitalPathologyData,LICENSE,,True,,string,CC BY 4.0
DigitalPathologyData,NOMINAL_MAGNIFICATION,The magnification of the lens as specified by the manufacturer - i.e. '60' is a 60X lens. Integer value >= 0 (no units),True,,integer,
DigitalPathologyData,OBJECTIVE,The manufacturer and or model number for the optical element that gathers light from an object being observed and focuses the light rays from it to produce a real image of the object,True,,string,
DigitalPathologyData,PASSED_QC,Confirm that the image has passed internal quality control checks,True,,boolean,
DigitalPathologyData,QC_COMMENT,Comments related to quality control checks,True,,string,
DigitalPathologyData,SLIDE_LABEL_REDACTED,Required when HAS_SLIDE_LABEL is true,False,HAS_SLIDE_LABEL == True,boolean,
DigitalPathologyData,SPECIES,,True,,string,9606 (Homo sapiens)
DigitalPathologyData,STAINING_METHOD,,True,,string,"CODEX, CyCIF, ExSeq, GeoMX-DSP, H&E, IHC, IMC, MERFISH, MIBI, MxIF, Not Applicable, SABER, mIHC, t-CyCIF"
Exposure,ALCOHOL_HISTORY_INDICATOR,,True,,string,"Data not available, No, Not applicable, Not reported, Pending, Refused, Unknown, Yes"
Exposure,ENVIRONMENTAL_EXPOSURE,,True,,string,"No, Not Reported, Unknown, Yes"
Exposure,ENVIRONMENTAL_EXPOSURE_TYPE,Required when ENVIRONMENTAL_EXPOSURE is Yes,False,,array[string],"Asbestos Exposure, Chemical Exposure, Marijuana Smoke Exposure, Radiation Exposure, Radon Exposure, Respirable Crystalline Silica Exposure, Smoke Exposure, Smokeless Tobacco Exposure, Tobacco Related Exposure, Wood Dust Exposure"
Exposure,PACK_YEARS_SMOKED,"Required when SMOKING_HISTORY is Current smoker, Current Every-Day Smoker, Current Some-Day Smoker, or Former Smoker",False,,,
Exposure,SMOKING_HISTORY,,True,,string,"Current Every-Day Smoker, Current Some-Day Smoker, Current smoker, Former Smoker, Never Smoker, Non-smoker, Not reported, Unknown"
Exposure,YEARS_SMOKED,"Required when SMOKING_HISTORY is Current smoker, Current Every-Day Smoker, Current Some-Day Smoker, or Former Smoker",False,,,
FamilyHistory,FAMILY_MEMBER_CANCER_HISTORY,,True,,string,"No, Not Reported, Unknown, Yes"
FamilyHistory,RELATIVES_WITH_CANCER_HISTORY,Number of relatives the individual has with a known history of cancer. Use -1 if this data point is not available. (caDSR:15907364) (No CRDC Standard Available),False,,,
FollowUp,AGE_IN_DAYS_AT_FOLLOWUP,Age in days of the subject at the the time of follow-up. Use -1 if this data point is not available. (caDSR:15748634) (No CRDC Standard Available),True,,,
FollowUp,AGE_IN_DAYS_AT_PROGRESSION_OR_RECURRENCE,"Required when PROGRESSION_OR_RECURRENCE is ""Yes""",False,PROGRESSION_OR_RECURRENCE == Yes,,
FollowUp,DISEASE_RESPONSE,,True,,string,"Complete Response, No Evidence of Disease, No Response, Not Applicable, Not Evaluable, Not Reported, Partial Response, Persistent Disease, Progressive Disease, Stable Disease, Unknown"
FollowUp,ECOG_PERFORMANCE_STATUS,,True,,string,"0, 1, 2, 3, 4, 5"
FollowUp,EVIDENCE_OF_RECURRENCE_TYPE,,False,PROGRESSION_OR_RECURRENCE == Yes,string,"Biopsy with Histologic Confirmation, Convincing Image (i.e. CT/PET/MRI), Positive Biomarkers"
FollowUp,MENOPAUSE_STATUS,,True,,string,"Menopausal, Not Applicable, Not Reported, Perimenopausal, Postmenopausal, Postmenopausal (>12 mo since LMP with no prior ovariectomy), Postmenopausal (prior bilateral ovariectomy), Premenopausal, Premenopausal/Perimenopausal, Unknown"
FollowUp,PROGRESSION_OR_RECURRENCE,,True,,string,"Censored, No, Not Allowed to Collect, Not Applicable, Not Reported, Unknown, Yes"
FollowUp,PROGRESSION_OR_RECURRENCE_ANATOMIC_SITE_UBERON_CODE,"Required when PROGRESSION_OR_RECURRENCE is ""Yes""",False,PROGRESSION_OR_RECURRENCE == Yes,array[],
FollowUp,PROGRESSION_OR_RECURRENCE_TYPE,,False,PROGRESSION_OR_RECURRENCE == Yes,string,"Biochemical, Distant, Local, Locoregional, Not Reported, Regional, Unknown"
MolecularTest,AA_CHANGE,"Alphanumeric value used to describe the amino acid change for a specific genetic variant, e.g., R116Q, as determined by clinical testing. (caDSR:6142508) (No CRDC Standard Available)",False,,string,
MolecularTest,AGE_IN_DAYS_AT_MOLECULAR_TEST_START,Age in days of the subject at the start of a molecular analysis. Use -1 if this data point is not available. (caDSR:15879017) (No CRDC Standard Available),True,,integer,
MolecularTest,AGE_IN_DAYS_AT_MOLECULAR_TEST_STOP,Age in days of the subject at the end of a molecular analysis. (caDSR:15879662) (No CRDC Standard Available),False,,integer,
MolecularTest,CLINICAL_BIOSPECIMEN_TYPE,,True,,string,"BLOOD, BONE MARROW, BUCCAL CELL SAMPLE, CEREBROSPINAL FLUID, FORMALIN FIXED PARAFFIN EMBEDDED TISSUE, FORMALIN FIXED TISSUE, FRESH TISSUE, FROZEN TISSUE, OTHER BODILY FLUIDS, SALIVA, STOOL, URINE"
MolecularTest,COPY_NUMBER,The quantity of gene copies resulting from a mutation. (caDSR:13367966) (Aligns to CDRC Standard CDE),False,,integer,
MolecularTest,EXON,Exon number targeted or included in a clinical molecular analysis. (caDSR:6142411) (No CRDC Standard Available),False,,integer,
MolecularTest,GENE_SYMBOL,Valid gene symbols from HGNC approved symbol list downloaded from: https://www.genenames.org/cgi-bin/download/custom?col=gd_app_sym&status=Approved&hgnc_dbtag=on&order_by=gd_app_sym_sort&format=text&submit=submit,True,,string,Link to Gene Symbols: https://www.genenames.org/cgi-bin/download/custom?col=gd_app_sym&status=Approved&hgnc_dbtag=on&order_by=gd_app_sym_sort&format=text&submit=submit
MolecularTest,MOLECULAR_ANALYSIS_METHOD,,True,,string,"Comparative genomic hybridization, Cytogenetics, NOS, FISH, Flow cytometry, IHC, ISH, Immunofluorescence, Karyotype, Microarray, Microsatellite analysis, Not Reported, Nuclear staining, Other, PCR, RNA sequencing, RT-PCR, Sequencing, NOS, Southern blotting, Targeted sequencing, Unknown, WGS, WXS"
MolecularTest,MOLECULAR_ANALYSIS_RESULT,,True,,string,"Abnormal, NOS, Copy Number Reported, Equivocal, High, Intermediate, Loss of Expression, Low, Negative, Normal, Not Reported, Overexpressed, Positive, Test Value Reported, Unknown"
MolecularTest,MOLECULAR_CONSEQUENCE,,False,,string,"Frameshift, Missense, Monosomy, None (inframe), Nullisomy, Splice Acceptor, Splice Donor, Start Lost, Stop Gained, Stop Lost, Synonymous, Trisomy"
MolecularTest,PATHOGENICITY,,False,,string,"Benign, Likely Benign, Likely Pathogenic, Not Reported, Pathogenic, Uncertain Significance, Unknown"
MolecularTest,TEST_ANALYTE_TYPE,,False,,string,"DNA, Not Reported, Nucleic RNA, Protein, RNA, Total RNA, Unknown, cfDNA, ctDNA, mRNA, miRNA"
MolecularTest,TEST_RESULT,Specific result of a clinical molecular test. Use this field only if one of the permissible values in MOLECULAR_ANALYSIS_RESULT isn't relevant. Please provide TEST_UNITS if applicable. (caDSR:2230153) (No CRDC Standard Available),False,,string,
MolecularTest,TEST_UNITS,,False,,string,"%, %/100 WBC, /100 WBC, /mm3, /nL, /pL, 10E-15L (fL), 10E10, 10E11, 10E12, 10E12 Cells/L, 10E13, 10E14, 10E15, 10E16, 10E17, 10E18, 10E19, 10E2, 10E20, 10E3, 10E3 Cells/microL, 10E4, 10E5, 10E6, 10E6 Cells, 10E6 Cells/microL, 10E6 Cells/mm3, 10E6/L, 10E7, 10E7 Cells/kg, 10E8, 10E8 Cells, 10E9, 10E9 Cells, 10E9 Cells/L, 10E9 Cells/microL, 2X10E6 Cells, 2X10E7 Cells, 2X10E8 Cells, Arbitrary unit per milliliter, Billion/L, CAE Unit, Cells/kg, Cells/microL, Copies, Copies per milliliter, Copies/mL, EU, EU/dL, EU/mL, GPL, HPF, Hours, IUnit/L, IUnit/m2, IUnit/mL, Index value, Iunit, L, L/min, L/sec, LPF, Log, Log copies per milliliter, Log10 IU/mL, MPL, MU/mL, Million, Million/microL, Million/mm3, Minutes, NA, No Srce, RNA copies/mL, Ratio, Thousand, Thousand/microL, Thousand/mm2, Thousand/mm3, Threshold, Titer, Trillion/L, Unit, Unit/24hr, Unit/L, Unit/m2, Unit/mL, Unit/mm3, Unknown, cm H2O, copies/L, cubic microns, fL, g, g/24hr, g/L, g/dL, g/microL, kU/L, mEq, mEq/24hr, mEq/L, mEq/dL, mEq/kg, mL, mL/24hr, mL/min, mL/min/1.73/BSA, mL/min/kg, mL/minute/mmHg, mL/minute/mmHg/L, mU/mL, mcg/24hr, mcg/L, mcg/dL, mcg/mL, mcg/spec, mg, mg/24hr, mg/L, mg/dL, mg/g, mg/kg, mg/mL, mg/mL/min, mg/mmol, microIU/mL, microL, microU/mL, micromol/24hr, micromol/L, micromol/dL, mill PFU, miu, miu/m2, miu/mL, ml CO/min/mm Hg, mm/hr, mm3, mmHg, mmol, mmol CO/min/kPa, mmol/24hr, mmol/L, mmol/min/kPa/L, mosmol/kg, nMol/mg protein, ng/dL, ng/mL, ng/mL/hr, nmol/L, nmol/hr/mg protein, nmol/mL, pg, pg/dL, pg/mL, pgPGE2/mg protein, pmol/L, pmol/hr/mg protein, sec, ug/mL FEU, ukat/L"
MolecularTest,TIMEPOINT_LABEL,"Label to identify the time point at which the clinical data or biospecimen was obtained (e.g. Baseline, End of Treatment, Overall survival, Final). NO PHI/PII INFORMATION IS ALLOWED. (caDSR:8031077) (No CRDC Standard Available)",False,,string,
MolecularTest,VARIANT_ORIGIN,,False,,string,"Germline, Not Reported, Somatic, Somatic Mosaic, Unknown"
MolecularTest,VARIANT_TYPE,,False,,string,"Alleles, Amplification, Chimerism, Chromosomal Gain, Chromosomal Loss, Conversion, Deletion, Deletion-insertion, Duplication, Extension, Hypermethylation, Insertion, Inversion, Methylation, Mosaicism, Not Reported, Other, Partial methylation, Rearrangement, Repeated sequences, Splice, Substitution, Translocation, Unknown"
MultiplexMicroscopyLevel2,CHANNEL_METADATA_ID,Unique identifier specifying the location of the required channel metadata (Synapse ID),True,,string,^syn\d+$
MultiplexMicroscopyLevel2,CITATION_OR_DOI,Raw Data Protocol or Digital Object Identifier Text; Publication and/or digital object identifier of the publication for open access studies. Must be a valid URL (http or https).,True,,string,"^(?:(?:https?)://)(?:\S+(?::\S*)?@)?(?:(?!(?:10|127)(?:\.\d{1,3}){3})(?!(?:169\.254|192\.168)(?:\.\d{1,3}){2})(?!172\.(?:1[6-9]|2\d|3[0-1])(?:\.\d{1,3}){2})(?:[1-9]\d?|1\d\d|2[01]\d|22[0-3])(?:\.(?:1?\d{1,2}|2[0-4]\d|25[0-5])){2}(?:\.(?:[1-9]\d?|1\d\d|2[0-4]\d|25[0-4]))|(?:(?:[a-z\u00a1-\uffff0-9]-*)*[a-z\u00a1-\uffff0-9]+)(?:\.(?:[a-z\u00a1-\uffff0-9]-*)*[a-z\u00a1-\uffff0-9]+)*(?:\.(?:[a-z\u00a1-\uffff]{2,}))\.?)(?::\d{2,5})?(?:[/?#]\S*)?$"
MultiplexMicroscopyLevel2,DE_IDENTIFICATION_METHOD_DESCRIPTION,Required when DE_IDENTIFICATION_METHOD_TYPE is not 'Not Applicable',False,DE_IDENTIFICATION_METHOD_TYPE is present,string,
MultiplexMicroscopyLevel2,DE_IDENTIFICATION_METHOD_TYPE,,True,,string,"Automatic, Manual, Not Applicable, Semiautomatic"
MultiplexMicroscopyLevel2,DE_IDENTIFICATION_SOFTWARE,Software that was used to de-identify the images (if used),False,,string,
MultiplexMicroscopyLevel2,DE_IDENTIFIED,"Confirm that any HIPAA identifiers are redacted, masked, or not present in the slide label and that any dates or strings present in internal metadata does not represent PHI",True,,boolean,
MultiplexMicroscopyLevel2,EXPERIMENTAL_STRATEGY_AND_DATA_SUBTYPES,,True,,string,Pathological
MultiplexMicroscopyLevel2,FILENAME,"Name of the file. Must end with an extension matching the FILE_FORMAT (.ome.tif, .ome.tiff, .ome.tf2, .ome.tf8, .ome.btf for ome-tiff; .tiff or .tif for tiff; .qptiff for qptiff; .svs for svs)",True,,string,^.+\.(ome\.(tif|tiff|tf2|tf8|btf)|tiff?|qptiff|svs)$
MultiplexMicroscopyLevel2,FILE_FORMAT,"Format of the imaging file. Must be compatible with Bio-Formats or OpenSlide Python. OME-TIFF files use extensions .ome.tif, .ome.tiff, .ome.tf2, .ome.tf8, or .ome.btf",True,,string,^(ome-tiff|tiff|qptiff|svs)$
MultiplexMicroscopyLevel2,HAS_SLIDE_LABEL,Does the image contain a slide label,True,,boolean,
MultiplexMicroscopyLevel2,HTAN_DATA_FILE_ID,HTAN Data File ID (Primary Key),True,,string,"^(?=.{1,50}$)(HTA2[0-2][0-9])_(0000|EXT[0-9]{1,18}|[0-9]{1,21})_(D[0-9]{1,20})$"
MultiplexMicroscopyLevel2,HTAN_PARENT_ID,"HTAN Parent ID - Foreign Key to parent entity (B for Biospecimen, D for data file). Must have B or D suffix. Supports HTA200-229 for phase 2.",True,,string,"^(?=.{1,50}$)(HTA2[0-2][0-9])_(0000|EXT[0-9]{1,18}|[0-9]{1,21})_([BD][0-9]{1,20})$"
MultiplexMicroscopyLevel2,IMAGE_MODALITY,,True,,string,SM
MultiplexMicroscopyLevel2,IMAGING_ASSAY_TYPE,,True,,string,"CODEX, CyCIF, ExSeq, GeoMX-DSP, H&E, IHC, IMC, MIBI, MERFISH, MxIF, mIHC, Not Applicable, SABER, t-CyCIF"
MultiplexMicroscopyLevel2,IMAGING_EQUIPMENT_MANUFACTURER,Producer of the imaging equipment that was used to generate the digital image,True,,string,
MultiplexMicroscopyLevel2,IMAGING_EQUIPMENT_MODEL,The words used to describe the specific model of the instrument used to carry out an imaging experiment,False,,string,
MultiplexMicroscopyLevel2,IMAGING_PROTOCOL,A rule which guides how an activity should be performed. Protocols.io ID or DOI link to a free/open protocol resource describing in detail the assay protocol. Must be a valid URL (http or https).,False,,string,"^(?:(?:https?)://)(?:\S+(?::\S*)?@)?(?:(?!(?:10|127)(?:\.\d{1,3}){3})(?!(?:169\.254|192\.168)(?:\.\d{1,3}){2})(?!172\.(?:1[6-9]|2\d|3[0-1])(?:\.\d{1,3}){2})(?:[1-9]\d?|1\d\d|2[01]\d|22[0-3])(?:\.(?:1?\d{1,2}|2[0-4]\d|25[0-5])){2}(?:\.(?:[1-9]\d?|1\d\d|2[0-4]\d|25[0-4]))|(?:(?:[a-z\u00a1-\uffff0-9]-*)*[a-z\u00a1-\uffff0-9]+)(?:\.(?:[a-z\u00a1-\uffff0-9]-*)*[a-z\u00a1-\uffff0-9]+)*(?:\.(?:[a-z\u00a1-\uffff]{2,}))\.?)(?::\d{2,5})?(?:[/?#]\S*)?$"
MultiplexMicroscopyLevel2,IMAGING_SOFTWARE,"The name of the software package that was used to capture, generate, and process the image",False,,string,
MultiplexMicroscopyLevel2,IMMERSION,,False,,string,"Air, Glycerol, Oil, Other, Water"
MultiplexMicroscopyLevel2,LENS_NUMERICAL_APERTURE,The numerical aperture of the lens. Floating point value > 0.,False,,number,
MultiplexMicroscopyLevel2,LICENSE,,True,,string,CC BY 4.0
MultiplexMicroscopyLevel2,NOMINAL_MAGNIFICATION,The magnification of the lens as specified by the manufacturer - i.e. '60' is a 60X lens. Integer value >= 0 (no units),True,,integer,
MultiplexMicroscopyLevel2,OBJECTIVE,The manufacturer and or model number for the optical element that gathers light from an object being observed and focuses the light rays from it to produce a real image of the object,True,,string,
MultiplexMicroscopyLevel2,PASSED_QC,Confirm that the image has passed internal quality control checks,True,,boolean,
MultiplexMicroscopyLevel2,PHYSICAL_SIZE_X,Physical size of a single pixel in the x dimension. In microns.,True,,number,
MultiplexMicroscopyLevel2,PHYSICAL_SIZE_Y,Physical size of a single pixel in the y dimension. In microns.,True,,number,
MultiplexMicroscopyLevel2,PHYSICAL_SIZE_Z,Physical size of a single pixel in the z dimension. In microns.,True,,number,
MultiplexMicroscopyLevel2,PYRAMID,The data file contains an image pyramid,False,,boolean,
MultiplexMicroscopyLevel2,QC_COMMENT,Comments related to quality control checks,True,,string,
MultiplexMicroscopyLevel2,SIZE_C,Number of channels. Integer >= 1,True,,integer,
MultiplexMicroscopyLevel2,SIZE_T,Number of timepoints. Integer >= 1,True,,integer,
MultiplexMicroscopyLevel2,SIZE_X,The number of pixels in the x dimension at the highest resolution available,True,,integer,
MultiplexMicroscopyLevel2,SIZE_Y,The number of pixels in the y dimension at the highest resolution available,True,,integer,
MultiplexMicroscopyLevel2,SIZE_Z,The number of pixels in the z dimension at the highest resolution available,True,,integer,
MultiplexMicroscopyLevel2,SLIDE_LABEL_REDACTED,Required when HAS_SLIDE_LABEL is true,False,HAS_SLIDE_LABEL == True,boolean,
MultiplexMicroscopyLevel2,SPECIES,,True,,string,9606 (Homo sapiens)
MultiplexMicroscopyLevel2,STAINING_METHOD,,True,,string,"CODEX, CyCIF, ExSeq, GeoMX-DSP, H&E, IHC, IMC, MERFISH, MIBI, MxIF, Not Applicable, SABER, mIHC, t-CyCIF"
MultiplexMicroscopyLevel2,WORKING_DISTANCE,"The working distance of the lens, expressed as a floating point number. Floating point > 0. Size needs to be specified in microns (um)",False,,string,
MultiplexMicroscopyLevel3,CITATION_OR_DOI,Raw Data Protocol or Digital Object Identifier Text; Publication and/or digital object identifier of the publication for open access studies. Must be a valid URL (http or https).,True,,string,"^(?:(?:https?)://)(?:\S+(?::\S*)?@)?(?:(?!(?:10|127)(?:\.\d{1,3}){3})(?!(?:169\.254|192\.168)(?:\.\d{1,3}){2})(?!172\.(?:1[6-9]|2\d|3[0-1])(?:\.\d{1,3}){2})(?:[1-9]\d?|1\d\d|2[01]\d|22[0-3])(?:\.(?:1?\d{1,2}|2[0-4]\d|25[0-5])){2}(?:\.(?:[1-9]\d?|1\d\d|2[0-4]\d|25[0-4]))|(?:(?:[a-z\u00a1-\uffff0-9]-*)*[a-z\u00a1-\uffff0-9]+)(?:\.(?:[a-z\u00a1-\uffff0-9]-*)*[a-z\u00a1-\uffff0-9]+)*(?:\.(?:[a-z\u00a1-\uffff]{2,}))\.?)(?::\d{2,5})?(?:[/?#]\S*)?$"
MultiplexMicroscopyLevel3,DE_IDENTIFICATION_METHOD_DESCRIPTION,Required when DE_IDENTIFICATION_METHOD_TYPE is not 'Not Applicable',False,DE_IDENTIFICATION_METHOD_TYPE is present,string,
MultiplexMicroscopyLevel3,DE_IDENTIFICATION_METHOD_TYPE,,True,,string,"Automatic, Manual, Not Applicable, Semiautomatic"
MultiplexMicroscopyLevel3,DE_IDENTIFICATION_SOFTWARE,Software that was used to de-identify the images (if used),False,,string,
MultiplexMicroscopyLevel3,DE_IDENTIFIED,"Confirm that any HIPAA identifiers are redacted, masked, or not present in the slide label and that any dates or strings present in internal metadata does not represent PHI",True,,boolean,
MultiplexMicroscopyLevel3,EXPERIMENTAL_STRATEGY_AND_DATA_SUBTYPES,,True,,string,Pathological
MultiplexMicroscopyLevel3,FILENAME,"Name of the file. Must end with an extension matching the FILE_FORMAT (.ome.tif, .ome.tiff, .ome.tf2, .ome.tf8, .ome.btf for ome-tiff; .tiff or .tif for tiff/tif)",True,,string,^.+\.(ome\.(tif|tiff|tf2|tf8|btf)|tiff?)$
MultiplexMicroscopyLevel3,FILE_FORMAT,"Format of the segmentation mask file (should be ome-tiff for Level 3). OME-TIFF files use extensions .ome.tif, .ome.tiff, .ome.tf2, .ome.tf8, or .ome.btf",True,,string,^(ome-tiff|tiff|tif)$
MultiplexMicroscopyLevel3,HAS_SLIDE_LABEL,Does the image contain a slide label,True,,boolean,
MultiplexMicroscopyLevel3,HTAN_DATA_FILE_ID,HTAN Data File ID (Primary Key),True,,string,"^(?=.{1,50}$)(HTA2[0-2][0-9])_(0000|EXT[0-9]{1,18}|[0-9]{1,21})_(D[0-9]{1,20})$"
MultiplexMicroscopyLevel3,HTAN_PARENT_ID,"HTAN Parent ID - Foreign Key to parent entity (B for Biospecimen, D for data file). Must have B or D suffix. Supports HTA200-229 for phase 2.",True,,string,"^(?=.{1,50}$)(HTA2[0-2][0-9])_(0000|EXT[0-9]{1,18}|[0-9]{1,21})_([BD][0-9]{1,20})$"
MultiplexMicroscopyLevel3,IMAGE_MODALITY,,True,,string,SM
MultiplexMicroscopyLevel3,IMAGING_EQUIPMENT_MANUFACTURER,Producer of the imaging equipment that was used to generate the digital image,True,,string,
MultiplexMicroscopyLevel3,IMAGING_EQUIPMENT_MODEL,The words used to describe the specific model of the instrument used to carry out an imaging experiment,False,,string,
MultiplexMicroscopyLevel3,IMAGING_PROTOCOL,A rule which guides how an activity should be performed. Protocols.io ID or DOI link to a free/open protocol resource describing in detail the assay protocol. Must be a valid URL (http or https).,False,,string,"^(?:(?:https?)://)(?:\S+(?::\S*)?@)?(?:(?!(?:10|127)(?:\.\d{1,3}){3})(?!(?:169\.254|192\.168)(?:\.\d{1,3}){2})(?!172\.(?:1[6-9]|2\d|3[0-1])(?:\.\d{1,3}){2})(?:[1-9]\d?|1\d\d|2[01]\d|22[0-3])(?:\.(?:1?\d{1,2}|2[0-4]\d|25[0-5])){2}(?:\.(?:[1-9]\d?|1\d\d|2[0-4]\d|25[0-4]))|(?:(?:[a-z\u00a1-\uffff0-9]-*)*[a-z\u00a1-\uffff0-9]+)(?:\.(?:[a-z\u00a1-\uffff0-9]-*)*[a-z\u00a1-\uffff0-9]+)*(?:\.(?:[a-z\u00a1-\uffff]{2,}))\.?)(?::\d{2,5})?(?:[/?#]\S*)?$"
MultiplexMicroscopyLevel3,IMAGING_SOFTWARE,"The name of the software package that was used to capture, generate, and process the image",False,,string,
MultiplexMicroscopyLevel3,IMMERSION,,False,,string,"Air, Glycerol, Oil, Other, Water"
MultiplexMicroscopyLevel3,LENS_NUMERICAL_APERTURE,The numerical aperture of the lens. Floating point value > 0.,False,,number,
MultiplexMicroscopyLevel3,LICENSE,,True,,string,CC BY 4.0
MultiplexMicroscopyLevel3,NOMINAL_MAGNIFICATION,The magnification of the lens as specified by the manufacturer - i.e. '60' is a 60X lens. Integer value >= 0 (no units),True,,integer,
MultiplexMicroscopyLevel3,OBJECTIVE,The manufacturer and or model number for the optical element that gathers light from an object being observed and focuses the light rays from it to produce a real image of the object,True,,string,
MultiplexMicroscopyLevel3,PASSED_QC,Confirm that the image has passed internal quality control checks,True,,boolean,
MultiplexMicroscopyLevel3,QC_COMMENT,Comments related to quality control checks,True,,string,
MultiplexMicroscopyLevel3,SEGMENTATION_ANNOTATION_TYPE,"Type of objects segmented (e.g., Cell, Nucleus, Tissue, ROI)",False,,string,
MultiplexMicroscopyLevel3,SEGMENTATION_METHOD,"Method used for segmentation (e.g., CellPose, StarDist, Ilastik, manual annotation)",True,,string,
MultiplexMicroscopyLevel3,SEGMENTATION_PARAMETERS,"Parameters used for segmentation (e.g., model name, threshold values, preprocessing steps)",False,,string,
MultiplexMicroscopyLevel3,SEGMENTATION_WORKFLOW_TYPE,Type of segmentation workflow used to generate the mask,True,,string,
MultiplexMicroscopyLevel3,SEGMENTATION_WORKFLOW_URL,URL or link to the segmentation workflow used,False,,string,
MultiplexMicroscopyLevel3,SEGMENTATION_WORKFLOW_VERSION,Version of the segmentation workflow,False,,string,
MultiplexMicroscopyLevel3,SLIDE_LABEL_REDACTED,Required when HAS_SLIDE_LABEL is true,False,HAS_SLIDE_LABEL == True,boolean,
MultiplexMicroscopyLevel3,SPECIES,,True,,string,9606 (Homo sapiens)
MultiplexMicroscopyLevel3,STAINING_METHOD,,True,,string,"CODEX, CyCIF, ExSeq, GeoMX-DSP, H&E, IHC, IMC, MERFISH, MIBI, MxIF, Not Applicable, SABER, mIHC, t-CyCIF"
MultiplexMicroscopyLevel4,CITATION_OR_DOI,Raw Data Protocol or Digital Object Identifier Text; Publication and/or digital object identifier of the publication for open access studies. Must be a valid URL (http or https).,True,,string,"^(?:(?:https?)://)(?:\S+(?::\S*)?@)?(?:(?!(?:10|127)(?:\.\d{1,3}){3})(?!(?:169\.254|192\.168)(?:\.\d{1,3}){2})(?!172\.(?:1[6-9]|2\d|3[0-1])(?:\.\d{1,3}){2})(?:[1-9]\d?|1\d\d|2[01]\d|22[0-3])(?:\.(?:1?\d{1,2}|2[0-4]\d|25[0-5])){2}(?:\.(?:[1-9]\d?|1\d\d|2[0-4]\d|25[0-4]))|(?:(?:[a-z\u00a1-\uffff0-9]-*)*[a-z\u00a1-\uffff0-9]+)(?:\.(?:[a-z\u00a1-\uffff0-9]-*)*[a-z\u00a1-\uffff0-9]+)*(?:\.(?:[a-z\u00a1-\uffff]{2,}))\.?)(?::\d{2,5})?(?:[/?#]\S*)?$"
MultiplexMicroscopyLevel4,DE_IDENTIFICATION_METHOD_DESCRIPTION,Required when DE_IDENTIFICATION_METHOD_TYPE is not 'Not Applicable',False,DE_IDENTIFICATION_METHOD_TYPE is present,string,
MultiplexMicroscopyLevel4,DE_IDENTIFICATION_METHOD_TYPE,,True,,string,"Automatic, Manual, Not Applicable, Semiautomatic"
MultiplexMicroscopyLevel4,DE_IDENTIFICATION_SOFTWARE,Software that was used to de-identify the images (if used),False,,string,
MultiplexMicroscopyLevel4,DE_IDENTIFIED,"Confirm that any HIPAA identifiers are redacted, masked, or not present in the slide label and that any dates or strings present in internal metadata does not represent PHI",True,,boolean,
MultiplexMicroscopyLevel4,EXPERIMENTAL_STRATEGY_AND_DATA_SUBTYPES,,True,,string,Pathological
MultiplexMicroscopyLevel4,FEATURE_EXTRACTION_METHOD,"Method used for feature extraction (e.g., mean intensity, median intensity, total intensity, texture features)",True,,string,
MultiplexMicroscopyLevel4,FEATURE_EXTRACTION_PARAMETERS,"Parameters used for feature extraction (e.g., channel names, measurement types, normalization methods)",False,,string,
MultiplexMicroscopyLevel4,FEATURE_EXTRACTION_WORKFLOW_TYPE,Type of workflow used to extract features from segmented objects,True,,string,
MultiplexMicroscopyLevel4,FEATURE_EXTRACTION_WORKFLOW_URL,URL or link to the feature extraction workflow used,False,,string,
MultiplexMicroscopyLevel4,FEATURE_EXTRACTION_WORKFLOW_VERSION,Version of the feature extraction workflow,False,,string,
MultiplexMicroscopyLevel4,FILENAME,Name of the file. Must end with an extension matching the FILE_FORMAT (.csv for csv; .h5ad for h5ad),True,,string,^.+\.(csv|h5ad)$
MultiplexMicroscopyLevel4,FILE_FORMAT,Format of the feature table file (csv or h5ad for Level 4),True,,string,^(csv|h5ad)$
MultiplexMicroscopyLevel4,HAS_SLIDE_LABEL,Does the image contain a slide label,True,,boolean,
MultiplexMicroscopyLevel4,HTAN_DATA_FILE_ID,HTAN Data File ID (Primary Key),True,,string,"^(?=.{1,50}$)(HTA2[0-2][0-9])_(0000|EXT[0-9]{1,18}|[0-9]{1,21})_(D[0-9]{1,20})$"
MultiplexMicroscopyLevel4,HTAN_PARENT_ID,"HTAN Parent ID - Foreign Key to parent entity (B for Biospecimen, D for data file). Must have B or D suffix. Supports HTA200-229 for phase 2.",True,,string,"^(?=.{1,50}$)(HTA2[0-2][0-9])_(0000|EXT[0-9]{1,18}|[0-9]{1,21})_([BD][0-9]{1,20})$"
MultiplexMicroscopyLevel4,IMAGE_MODALITY,,True,,string,SM
MultiplexMicroscopyLevel4,IMAGING_EQUIPMENT_MANUFACTURER,Producer of the imaging equipment that was used to generate the digital image,True,,string,
MultiplexMicroscopyLevel4,IMAGING_EQUIPMENT_MODEL,The words used to describe the specific model of the instrument used to carry out an imaging experiment,False,,string,
MultiplexMicroscopyLevel4,IMAGING_PROTOCOL,A rule which guides how an activity should be performed. Protocols.io ID or DOI link to a free/open protocol resource describing in detail the assay protocol. Must be a valid URL (http or https).,False,,string,"^(?:(?:https?)://)(?:\S+(?::\S*)?@)?(?:(?!(?:10|127)(?:\.\d{1,3}){3})(?!(?:169\.254|192\.168)(?:\.\d{1,3}){2})(?!172\.(?:1[6-9]|2\d|3[0-1])(?:\.\d{1,3}){2})(?:[1-9]\d?|1\d\d|2[01]\d|22[0-3])(?:\.(?:1?\d{1,2}|2[0-4]\d|25[0-5])){2}(?:\.(?:[1-9]\d?|1\d\d|2[0-4]\d|25[0-4]))|(?:(?:[a-z\u00a1-\uffff0-9]-*)*[a-z\u00a1-\uffff0-9]+)(?:\.(?:[a-z\u00a1-\uffff0-9]-*)*[a-z\u00a1-\uffff0-9]+)*(?:\.(?:[a-z\u00a1-\uffff]{2,}))\.?)(?::\d{2,5})?(?:[/?#]\S*)?$"
MultiplexMicroscopyLevel4,IMAGING_SOFTWARE,"The name of the software package that was used to capture, generate, and process the image",False,,string,
MultiplexMicroscopyLevel4,IMMERSION,,False,,string,"Air, Glycerol, Oil, Other, Water"
MultiplexMicroscopyLevel4,LENS_NUMERICAL_APERTURE,The numerical aperture of the lens. Floating point value > 0.,False,,number,
MultiplexMicroscopyLevel4,LICENSE,,True,,string,CC BY 4.0
MultiplexMicroscopyLevel4,MATRIX_TYPE,,True,,string,"Raw Counts, Normalized Counts, Scaled Counts, Log Normalized, Z-Score Normalized, Other"
MultiplexMicroscopyLevel4,NOMINAL_MAGNIFICATION,The magnification of the lens as specified by the manufacturer - i.e. '60' is a 60X lens. Integer value >= 0 (no units),True,,integer,
MultiplexMicroscopyLevel4,NUMBER_OF_FEATURES,Number of features (markers/channels) in the feature matrix,False,,integer,
MultiplexMicroscopyLevel4,NUMBER_OF_OBJECTS,"Number of segmented objects (cells, nuclei, etc.) in the feature matrix",False,,integer,
MultiplexMicroscopyLevel4,OBJECTIVE,The manufacturer and or model number for the optical element that gathers light from an object being observed and focuses the light rays from it to produce a real image of the object,True,,string,
MultiplexMicroscopyLevel4,PASSED_QC,Confirm that the image has passed internal quality control checks,True,,boolean,
MultiplexMicroscopyLevel4,QC_COMMENT,Comments related to quality control checks,True,,string,
MultiplexMicroscopyLevel4,SLIDE_LABEL_REDACTED,Required when HAS_SLIDE_LABEL is true,False,HAS_SLIDE_LABEL == True,boolean,
MultiplexMicroscopyLevel4,SPECIES,,True,,string,9606 (Homo sapiens)
MultiplexMicroscopyLevel4,STAINING_METHOD,,True,,string,"CODEX, CyCIF, ExSeq, GeoMX-DSP, H&E, IHC, IMC, MERFISH, MIBI, MxIF, Not Applicable, SABER, mIHC, t-CyCIF"
SpatialLevel1,ASSAY_TYPE,,True,,string,"in situ sequencing, molecular barcoding, multi-omic sequencing, spot-based sequencing"
SpatialLevel1,BUNDLE_CONTENTS,List of expected files or folders in this bundle (relative paths within the archive),True,,array[string],
SpatialLevel1,FILENAME,Name of the file. Must end with an extension matching the FILE_FORMAT (.tar for tar; .tar.gz for tar.gz; .zip for zip),True,,string,^.+\.(tar(\.gz)?|zip)$
SpatialLevel1,FILE_FORMAT,,True,,string,"tar, tar.gz, zip"
SpatialLevel1,HAS_IMAGES,"Whether any image files (e.g., TIFFs) are included",True,,boolean,
SpatialLevel1,HAS_PROBE_SET,Whether a targeted probe/gene panel is included,False,ASSAY_TYPE == molecular barcoding,boolean,
SpatialLevel1,HAS_REGISTRATION_FILES,Whether any spatial registration transform files are included,True,,boolean,
SpatialLevel1,HAS_SEQUENCING,If raw/aligned sequencing data is included,False,,boolean,
SpatialLevel1,HTAN_DATA_FILE_ID,HTAN Data File ID (Primary Key),True,,string,"^(?=.{1,50}$)(HTA2[0-2][0-9])_(0000|EXT[0-9]{1,18}|[0-9]{1,21})_(D[0-9]{1,20})$"
SpatialLevel1,HTAN_PARENT_ID,"HTAN Parent ID - Foreign Key to parent entity (B for Biospecimen, D for data file). Must have B or D suffix. Supports HTA200-229 for phase 2.",True,,string,"^(?=.{1,50}$)(HTA2[0-2][0-9])_(0000|EXT[0-9]{1,18}|[0-9]{1,21})_([BD][0-9]{1,20})$"
SpatialLevel1,IMAGE_TYPES,Types of images provided,False,HAS_IMAGES == True,array[string],"DAPI, H&E, MIF, Other"
SpatialLevel1,PLATFORM,,True,,string,"10x Genomics Visium, 10x Genomics Visium HD, 10x Genomics Xenium, Nanostring CosMX, STOmics Stereo-CITE, STOmics Stereo-seq"
SpatialLevel1,SEQUENCING_FILE_TYPE,Sequencing file type,False,HAS_SEQUENCING == True,array[string],"BAM, FASTQ"
SpatialLevel3,ASSAY_CHEMISTRY_VERSION,"Assay chemistry version (e.g., v1, v2)",True,,string,
SpatialLevel3,BUNDLE_CONTENTS,List of expected files or folders in this bundle (relative paths within the archive),True,,array[string],
SpatialLevel3,CAPTURE_AREA,,False,PLATFORM == 10x Genomics Visium OR PLATFORM == 10x Genomics Visium HD,string,"A, A1, B, B1, C1, D1"
SpatialLevel3,CELL_SEGMENTATION_METHOD,Description of segmentation method,False,HAS_CELL_SEGMENTATION == True,string,
SpatialLevel3,CELL_SEGMENTED_OBJECT_TYPE,,False,HAS_CELL_SEGMENTATION == True,string,"cytoplasm, nucleus, Whole cell"
SpatialLevel3,CLUSTERING_METHOD,Method used to define clusters,False,HAS_CLUSTERING == True,string,
SpatialLevel3,CYTASSIST_USED,Whether CytAssist was used,False,PLATFORM == 10x Genomics Visium OR PLATFORM == 10x Genomics Visium HD,boolean,
SpatialLevel3,DIMENSIONALITY_REDUCTION_METHOD,,False,HAS_DIMENSIONALITY_REDUCTION == True,string,"PCA, t-SNE, UMAP, other"
SpatialLevel3,FILENAME,Name of the bundle file. Must end with .tar.gz or .gz,True,,string,^.+\.(tar\.gz|gz)$
SpatialLevel3,FILE_FORMAT,Format of the bundle file (tar.gz or gz),True,,string,^(tar\.gz|gz)$
SpatialLevel3,GENOMIC_REFERENCE,Reference genome used,False,PLATFORM == 10x Genomics Visium OR PLATFORM == 10x Genomics Visium HD,string,
SpatialLevel3,HAS_CELL_SEGMENTATION,Indicates presence of cell segmentation data,True,,boolean,
SpatialLevel3,HAS_CLUSTERING,Indicates if clustering was performed,True,,boolean,
SpatialLevel3,HAS_DIMENSIONALITY_REDUCTION,Indicates presence of dimensionally reduced data,False,,boolean,
SpatialLevel3,HTAN_DATA_FILE_ID,HTAN Data File ID (Primary Key),True,,string,"^(?=.{1,50}$)(HTA2[0-2][0-9])_(0000|EXT[0-9]{1,18}|[0-9]{1,21})_(D[0-9]{1,20})$"
SpatialLevel3,HTAN_PARENT_ID,"HTAN Parent ID - Foreign Key to parent entity (B for Biospecimen, D for data file). Must have B or D suffix. Supports HTA200-229 for phase 2.",True,,string,"^(?=.{1,50}$)(HTA2[0-2][0-9])_(0000|EXT[0-9]{1,18}|[0-9]{1,21})_([BD][0-9]{1,20})$"
SpatialLevel3,NUMBER_OF_CLUSTERS,Number of clusters identified,False,HAS_CLUSTERING == True,integer,
SpatialLevel3,NUMBER_OF_SEGMENTED_CELLS,Total number of segmented cells,False,HAS_CELL_SEGMENTATION == True,integer,
SpatialLevel3,PANEL_NAME,Number of genes/proteins in panel,False,"TRANSCRIPTOME_TYPE == Targeted OR PROTEIN_MEASURED matches ""^true$""",string,
SpatialLevel3,PANEL_SIZE_TOTAL_TARGETS,Total number of targets in the panel,True,,integer,
SpatialLevel3,PANEL_SYNAPSE_ID,Synapse ID of the completed spatial_omics_panel template,False,"TRANSCRIPTOME_TYPE == Targeted OR PROTEIN_MEASURED matches ""^true$""",string,^syn\d+$
SpatialLevel3,PLATFORM,,True,,string,"10x Genomics Visium, 10x Genomics Visium HD, 10x Genomics Xenium, DBiT-seq, Nanostring CosMX, SeqFISH, STOmics Stereo-CITE, STOmics Stereo-seq"
SpatialLevel3,PORTAL_PREVIEW_FILE,Relative path of HTML preview in bundle if present,False,,string,
SpatialLevel3,PROTEIN_MEASURED,Whether protein was measured,True,,boolean,
SpatialLevel3,PROTOCOL_LINK,URL to protocol documentation,False,,string,"^(?:(?:https?)://)(?:\S+(?::\S*)?@)?(?:(?!(?:10|127)(?:\.\d{1,3}){3})(?!(?:169\.254|192\.168)(?:\.\d{1,3}){2})(?!172\.(?:1[6-9]|2\d|3[0-1])(?:\.\d{1,3}){2})(?:[1-9]\d?|1\d\d|2[01]\d|22[0-3])(?:\.(?:1?\d{1,2}|2[0-4]\d|25[0-5])){2}(?:\.(?:[1-9]\d?|1\d\d|2[0-4]\d|25[0-4]))|(?:(?:[a-z\u00a1-\uffff0-9]-*)*[a-z\u00a1-\uffff0-9]+)(?:\.(?:[a-z\u00a1-\uffff0-9]-*)*[a-z\u00a1-\uffff0-9]+)*(?:\.(?:[a-z\u00a1-\uffff]{2,}))\.?)(?::\d{2,5})?(?:[/?#]\S*)?$"
SpatialLevel3,QC_FEATURE_NUMBER,Features (e.g. spots or bins) under tissue,True,,integer,
SpatialLevel3,QC_MEAN_READS_PER_FEATURE,Mean reads per feature,True,,number,
SpatialLevel3,QC_SPATIAL_UNIT,,True,,string,"100um area, 8um bin, cell, spot"
SpatialLevel3,QC_TOTAL_GENES_DETECTED,Total genes detected,True,,integer,
SpatialLevel3,QC_TOTAL_NUMBER_OF_READS,Total number of reads,True,,integer,
SpatialLevel3,REGION_AREA,Capture area in µm²,True,,number,
SpatialLevel3,RNA_MEASURED,Whether RNA was measured,True,,boolean,
SpatialLevel3,RUN_ID,A unique identifier for this individual run (typically associated with a single slide) of the spatial transcriptomic processing workflow,False,,string,
SpatialLevel3,SAME_SECTION_IMAGING_CHANNELS,Antigens targeted in same section fluorescence imaging,False,SAME_SECTION_IMAGING_MODALITY == fluorescence,array[string],
SpatialLevel3,SAME_SECTION_IMAGING_ID,HTAN ID of data file that represents same section imaging,False,,array[string],
SpatialLevel3,SAME_SECTION_IMAGING_MODALITY,,False,,string,"fluorescence, H&E"
SpatialLevel3,SEQUENCING_CONFIGURATION,Read and index setup,False,SPATIAL_ASSAY_TYPE == capture-based,string,
SpatialLevel3,SEQUENCING_DEPTH,Sequencing depth,False,SPATIAL_ASSAY_TYPE == capture-based,string,
SpatialLevel3,SEQUENCING_INSTRUMENT,Sequencer used,False,SPATIAL_ASSAY_TYPE == capture-based,string,
SpatialLevel3,SLIDE_SERIAL_NUMBER,Slide serial number,False,PLATFORM == 10x Genomics Visium OR PLATFORM == 10x Genomics Visium HD OR PLATFORM == 10x Genomics Xenium,string,
SpatialLevel3,SOFTWARE_AND_VERSION,Software/tools used for processing,False,,string,
SpatialLevel3,SPATIAL_ASSAY_TYPE,,False,,string,"capture-based, In situ"
SpatialLevel3,TRANSCRIPTOME_TYPE,,False,RNA_MEASURED == True,string,"Protein coding, Targeted, Whole transcriptome"
SpatialLevel4,CELL_TYPES,List of cell types present in the data,False,HAS_CELL_TYPE_CALLING == True,array[string],
SpatialLevel4,CELL_TYPE_CALLING_METHOD,Method used for cell type annotation,False,HAS_CELL_TYPE_CALLING == True,string,
SpatialLevel4,CLUSTERING_METHOD,Method used to define clusters,False,HAS_CLUSTERING == True,string,
SpatialLevel4,DIMENSIONALITY_REDUCTION_METHOD,,False,HAS_DIMENSIONALITY_REDUCTION == True,string,"PCA, t-SNE, UMAP, other"
SpatialLevel4,FILENAME,Name of the file. Must end with an extension matching the FILE_FORMAT (.h5ad for h5ad; .rds for rds; .zarr for zarr),True,,string,^.+\.(h5ad|rds|zarr)$
SpatialLevel4,FILE_FORMAT,,True,,string,"h5ad, rds, zarr"
SpatialLevel4,HAS_CELL_TYPE_CALLING,Indicates presence of cell type annotations,True,,boolean,
SpatialLevel4,HAS_CLUSTERING,Indicates if clustering was performed,True,,boolean,
SpatialLevel4,HAS_DIMENSIONALITY_REDUCTION,Indicates presence of dimensionally reduced data,True,,boolean,
SpatialLevel4,HAS_IMAGE,Indicates presence of associated image data,True,,boolean,
SpatialLevel4,HAS_NORMALISED_ARRAY,Indicates presence of normalized array,True,,boolean,
SpatialLevel4,HAS_RAW_ARRAY,Indicates presence of raw expression array,True,,boolean,
SpatialLevel4,HTAN_DATA_FILE_ID,HTAN Data File ID (Primary Key),True,,string,"^(?=.{1,50}$)(HTA2[0-2][0-9])_(0000|EXT[0-9]{1,18}|[0-9]{1,21})_(D[0-9]{1,20})$"
SpatialLevel4,HTAN_PARENT_ID,"HTAN Parent ID - Foreign Key to parent entity (B for Biospecimen, D for data file). Must have B or D suffix. Supports HTA200-229 for phase 2.",True,,string,"^(?=.{1,50}$)(HTA2[0-2][0-9])_(0000|EXT[0-9]{1,18}|[0-9]{1,21})_([BD][0-9]{1,20})$"
SpatialLevel4,IMAGE_TYPE,,False,HAS_IMAGE == True,string,"jpeg, other, png, tiff"
SpatialLevel4,NORMALISATION_METHOD,,False,HAS_NORMALISED_ARRAY == True,string,"CPM, log normalization, SCTransform, TPM, other"
SpatialLevel4,NUMBER_OF_CLUSTERS,Number of clusters identified,False,HAS_CLUSTERING == True,integer,
SpatialLevel4,NUMBER_OF_FEATURES,Number of features (e.g. transcripts),True,,integer,
SpatialLevel4,NUMBER_OF_OBJECTS,Number of objects (e.g. cells),True,,integer,
SpatialLevel4,TOOL_COMPATIBILITY,Tools or libraries compatible with this file,False,,array[string],"anndata, seurat, spatialdata"
SpatialPanel,GENE_ID,"Stable Ensembl gene identifier (e.g., ENSG00000214114, ENSG00000121879). String matching ENSG\\d+ or digits",True,,string,^(ENSG\d+|\d+)$
SpatialPanel,GENE_SYMBOL,"HGNC-approved Gene symbol (e.g., MYC, PIK3C)",True,,string,Link to Gene Symbols: https://www.genenames.org/cgi-bin/download/custom?col=gd_app_sym&status=Approved&hgnc_dbtag=on&order_by=gd_app_sym_sort&format=text&submit=submit
SpatialPanel,HGNC_VERSION,"Version of the HGNC used, indicated with the date of the HGNC reference (e.g., 2025-08-01)",True,,string,^\d{4}-\d{2}-\d{2}$
SpatialPanel,HTAN_PANEL_ID,Unique identifier for the panel,True,,string,^(HTA([1-9]|1[0-6]))_((EXT)?([0-9]\d*|0000))_([0-9]\d*|0000)$
SpatialPanel,USER_GENE_NAME,Optional user-defined name for the Gene,False,,string,
Therapy,AGE_IN_DAYS_AT_TREATMENT_END,The age in days of the subject at the time that this treatment was completed. Use -1 if this data point is not available. (caDSR:12304723) (Aligns to CDRC Standard CDE),True,,,
Therapy,AGE_IN_DAYS_AT_TREATMENT_START,The age in days of the subject at the time that this treatment was started. Use -1 if this data point is not available. (caDSR:12304720) (Aligns to CDRC Standard CDE),True,,,
Therapy,INITIAL_DISEASE_STATUS,,True,,string,"Not Reported, Precancerous, Primary, Progression or Recurrence, Residual Disease, Unknown"
Therapy,NUMBER_OF_CYCLES,Required when TREATMENT_TYPE is pharmacotherapy,False,TREATMENT_TYPE == Pharmacotherapy,,
Therapy,OFF_TREATMENT_REASON,,False,AGE_IN_DAYS_AT_TREATMENT_END is present,string,"Adverse Event, Death, Disease Progression, Non Compliance, Other, Participant Withdrawal, Physician Decision, Protocol Defined Delay, Protocol Violation, Treatment Complete"
Therapy,PHARMACOTHERAPY_TYPE,,True,,string,"Combination Drug Therapy, Not Applicable, Not Reported, Single Drug Therapy, Unknown"
Therapy,REGIMEN_OR_LINE_OF_THERAPY,,False,TREATMENT_TYPE == Pharmacotherapy,string,"1, 10, 2, 3, 4, 5, 6, 7, 8, 9, Not Reported, Unknown"
Therapy,RESPONSE,,False,AGE_IN_DAYS_AT_TREATMENT_END is present,string,"Complete Response, No Evidence of Disease, No Response, Not Applicable, Not Evaluable, Not Reported, Partial Response, Persistent Disease, Progressive Disease, Stable Disease, Unknown"
Therapy,THERAPEUTIC_AGENTS,"The NCit Preferred Name(s) of the Therapeutic agent(s), as dervied from https://evs.nci.nih.gov/ftp1/NCI_Thesaurus/Drug_or_Substance/Antineoplastic_Agent.xls (caDSR:14913015) (Aligns to CDRC Standard CDE)",True,,array[string],Link to Antineoplastic Agents: https://evs.nci.nih.gov/ftp1/NCI_Thesaurus/Drug_or_Substance/Antineoplastic_Agent.xls
Therapy,THERAPY_ANATOMIC_SITE_UBERON_CODE,UBERON codes for tissues and organs of origin,False,TREATMENT_TYPE is present,string,Link to UBERON Codes: https://www.ebi.ac.uk/ols4/ontologies/uberon
Therapy,TREATMENT_INTENT_TYPE,,True,,string,"Adjuvant, Curative, Maintenance, Neoadjuvant, Palliative, Prevention, Unknown"
Therapy,TREATMENT_TYPE,Type of treatment administered. (caDSR:14737565) (Aligns to CDRC Standard CDE),True,,array[string],"3-Dimensional Conformal Radiation Therapy, Allogeneic Hematopoietic Stem Cell Transplantation, Autologous Stem Cell Transplantation, Brachytherapy, Cellular Therapy, Chemotherapy, Concurrent Chemoradiation, Conventional Radiotherapy, Electron Beam Radiation Therapy, External Beam Radiation Therapy, High-Dose Rate Brachytherapy, Hormone Therapy, Immunotherapy, Intensity-Modulated Radiation Therapy, Low-Dose Rate Brachytherapy, Not Reported, Organ Transplantation, Palliative Care, Pharmacotherapy, Photon Beam Radiation Therapy, Proton Beam Radiation Therapy, Radiation Therapy, Radiofrequency Ablation, Radiopharmaceutical, Stem Cell Transplant, Stereotactic Body Radiation Therapy, Stereotactic Radiosurgery, Surgical Procedure, Targeted Molecular Therapy, Unknown"
VitalStatus,AGE_IN_DAYS_AT_DEATH,Required when VITAL_STATUS is Dead,False,,,
VitalStatus,AGE_IN_DAYS_AT_LAST_KNOWN_SURVIVAL_STATUS,Age in days when the last known survival status of the subject was captured. Use -1 if this data point is not available. (caDSR:12305768) (Aligns to CDRC Standard CDE),True,,,
VitalStatus,CAUSE_OF_DEATH,,False,,string,"APL Differentiation Syndrome, Accidental death, Acute GVHD, Adult Respiratory Distress Syndrome (ARDS), Adverse Event, Aspiration Pneumonia, BCNU IP, Bacterial infection, Cancer Related, Cardiac Disease, Cardiac failure, Cardiopulmonary Arrest, Cardiovascular Disorder, Cardiovascular accident, Central nervous system(CNS) failure, Chronic GVHD, Chronic Obstructive Pulmonary Disease, Chronic liver disease, Congestive Heart Failure, Coronary artery disease (atherosclerosis), Dementia (including Alzheimer's disease), Diabetes Mellitus, Disseminated intravascular coagulation (DIC), Drug Related, End-stage Renal Disease, Failure to Thrive, Fungal infection, Gastrointestinal (GI) failure (not liver), Gastrointestinal hemorrhage, Graft Versus Host Disease, Graft rejection or failure, HIV/AIDS, Hemorrhage, Hemorrhage, not otherwise specified, Hemorrhagic cystitis, Hepatitis, Herpes, IPS, idiopathic, IPS, viral, cytomegalovirus(CMV), IPS, viral, other, Immunotherapy-Related, Infection, Infection, NOS, Infection, organism not identified, Influenza, Interstitial Pneumonia (IP) NOS, Intracranial hemorrhage, Liver failure (not VOD), Multiple Organ Failure, Myocardial infarction, Natural causes, Non-protocol cancer therapy, Not Cancer Related, Not Reported, Organ failure, not otherwise specified, Other cause, Parkinson's Disease, Persistence or recurrence of underlying disease, Pneumonia NOS, Prior malignancy, Protozoal infection, Pulmonary Disease, Pulmonary Embolism, Pulmonary failure, Pulmonary hemorrhage, Radiation IP, Recurrence/persistence/progression of disease reported for first HSCT, Renal Disorder, NOS, Renal failure, Respiratory failure, Sepsis, Sinusoidal Obstruction Syndrome, Spinal Muscular Atrophy, Suicide, Surgical Complication, Thromboembolic, Thrombosis, Thrombotic thrombocytopenic purpura (HUS/TTP), Toxicity, Unacceptable Toxicity, Unclassified infection / Infection NOS, Unknown, VOD, Vascular, not otherwise specified, Veno-occlusive disease (VOD) / sinusodial obstruction syndrome (SOS), Viral infection"
VitalStatus,CAUSE_OF_DEATH_SOURCE,,False,,string,"Autopsy Report, Death Certificate, Medical Record, Other, specify, Physician, Relative or Friend, Social Security Death Index"
VitalStatus,VITAL_STATUS,,True,,string,"Alive, Dead, Not reported, Unknown, Unspecified"
scRNALevel1,CHECKSUM,Checksum for data integrity verification,False,,string,
scRNALevel1,CRYOPRESERVED_CELLS_IN_SAMPLE,Whether cells were cryopreserved in the sample,False,,boolean,
scRNALevel1,DISSOCIATION_METHOD,,True,,string,"Enzymatic, Mechanical, Other, Unknown"
scRNALevel1,FILENAME,Name of the file. Must end with an extension matching the FILE_FORMAT (.fastq for fastq; .fastq.gz or .fq.gz for fastq.gz),True,,string,^.+\.(fastq|fq)(\.gz)?$
scRNALevel1,FILE_FORMAT,Format of the raw sequencing file (fastq or fastq.gz),True,,string,^(fastq|fastq\.gz)$
scRNALevel1,GENOME_ANNOTATION_URL,URL to genome annotation,False,,string,
scRNALevel1,GENOMIC_REFERENCE,Genomic reference used for alignment,True,,string,
scRNALevel1,GENOMIC_REFERENCE_URL,URL to genomic reference,False,,string,
scRNALevel1,HTAN_DATA_FILE_ID,HTAN Data File ID (Primary Key),True,,string,"^(?=.{1,50}$)(HTA2[0-2][0-9])_(0000|EXT[0-9]{1,18}|[0-9]{1,21})_(D[0-9]{1,20})$"
scRNALevel1,HTAN_PARENT_ID,"HTAN Parent ID - Foreign Key to parent entity (B for Biospecimen, D for data file). Must have B or D suffix. Supports HTA200-229 for phase 2.",True,,string,"^(?=.{1,50}$)(HTA2[0-2][0-9])_(0000|EXT[0-9]{1,18}|[0-9]{1,21})_([BD][0-9]{1,20})$"
scRNALevel1,LIBRARY_CONSTRUCTION_METHOD,,True,,string,"10X Genomics, Drop-seq, Fluidigm C1, InDrop, Other, Smart-seq, Unknown"
scRNALevel1,LIBRARY_LAYOUT,,True,,string,"Paired-end, Single-end"
scRNALevel1,LIBRARY_PREPARATION_DAYS_FROM_INDEX,Days from index for library preparation,False,,integer,
scRNALevel1,NUCLEIC_ACID_SOURCE,,True,,string,"DNA, RNA, Unknown"
scRNALevel1,PROTOCOL_LINK,Link to sequencing protocol,False,,string,
scRNALevel1,READ_INDICATOR,,True,,string,"Forward, Index, Reverse, Unknown"
scRNALevel1,REVERSE_TRANSCRIPTION_PRIMER,,True,,string,"Oligo-dT, Random Hexamer, Unknown"
scRNALevel1,SEQUENCING_BATCH_ID,Sequencing batch identifier,False,,string,
scRNALevel1,SEQUENCING_PLATFORM,,True,,string,"ABI_SOLID, BGISEQ, CAPILLARY, COMPLETE_GENOMICS, HELICOS, ILLUMINA, ION_TORRENT, LS454, OXFORD_NANOPORE, PACBIO_SMRT"
scRNALevel1,SINGLE_CELL_ISOLATION_METHOD,,True,,string,"Cell Sorting, Droplet-based, Manual Picking, Microfluidics, Other, Unknown"
scRNALevel1,SPIKE_IN,,True,,string,"ERCC, None, Other, Unknown"
scRNALevel1,TECHNICAL_REPLICATE_GROUP,Technical replicate group identifier,False,,string,
scRNALevel1,WORKFLOW_LINK,Link to workflow or command. DockStore.org recommended,False,,string,
scRNALevel1,WORKFLOW_VERSION,Major version of the workflow,True,,string,
scRNALevel2,CELL_BARCODE_TAG,Tag used for cell barcodes,False,,string,
scRNALevel2,CHECKSUM,Checksum for data integrity verification,False,,string,
scRNALevel2,FILENAME,Name of the file. Must end with an extension matching the FILE_FORMAT (.bam for bam; .cram for cram),True,,string,^.+\.(bam|cram)$
scRNALevel2,FILE_FORMAT,Format of the aligned file (bam or cram),True,,string,^(bam|cram)$
scRNALevel2,GENOME_ANNOTATION_URL,URL to genome annotation,False,,string,
scRNALevel2,GENOMIC_REFERENCE,Genomic reference used for alignment,True,,string,
scRNALevel2,GENOMIC_REFERENCE_URL,URL to genomic reference,False,,string,
scRNALevel2,HTAN_DATA_FILE_ID,HTAN Data File ID (Primary Key),True,,string,"^(?=.{1,50}$)(HTA2[0-2][0-9])_(0000|EXT[0-9]{1,18}|[0-9]{1,21})_(D[0-9]{1,20})$"
scRNALevel2,HTAN_PARENT_ID,"HTAN Parent ID - Foreign Key to parent entity (B for Biospecimen, D for data file). Must have B or D suffix. Supports HTA200-229 for phase 2.",True,,string,"^(?=.{1,50}$)(HTA2[0-2][0-9])_(0000|EXT[0-9]{1,18}|[0-9]{1,21})_([BD][0-9]{1,20})$"
scRNALevel2,LIBRARY_LAYOUT,,True,,string,"Paired-end, Single-end"
scRNALevel2,LIBRARY_PREPARATION_DAYS_FROM_INDEX,Days from index for library preparation,False,,integer,
scRNALevel2,PROTOCOL_LINK,Link to sequencing protocol,False,,string,
scRNALevel2,SCRNASEQ_WORKFLOW_TYPE,,True,,string,"CellRanger, HCA Optimus, Other, SEQC, STARsolo, Unknown, dropEST"
scRNALevel2,SEQUENCING_BATCH_ID,Sequencing batch identifier,False,,string,
scRNALevel2,SEQUENCING_PLATFORM,,True,,string,"ABI_SOLID, BGISEQ, CAPILLARY, COMPLETE_GENOMICS, HELICOS, ILLUMINA, ION_TORRENT, LS454, OXFORD_NANOPORE, PACBIO_SMRT"
scRNALevel2,TECHNICAL_REPLICATE_GROUP,Technical replicate group identifier,False,,string,
scRNALevel2,UMI_TAG,Tag used for UMIs,False,,string,
scRNALevel2,WHITELIST_CELL_BARCODE_FILE_LINK,Link to whitelist cell barcode file,False,,string,
scRNALevel2,WORKFLOW_LINK,Link to workflow or command. DockStore.org recommended,False,,string,
scRNALevel2,WORKFLOW_VERSION,Major version of the workflow,True,,string,
scRNALevel3and4,ANNDATA_SCHEMA_VERSION,Version of AnnData schema (must be 0.1 for CellxGene compliance),True,,string,^0\.1$
scRNALevel3and4,ANNDATA_STRUCTURE_VALIDATED,Whether the h5ad file structure has been validated against AnnData 0.1 schema,True,,boolean,
scRNALevel3and4,CELL_MEDIAN_NUMBER_GENES,Median number of genes detected per cell,True,,integer,
scRNALevel3and4,CELL_MEDIAN_NUMBER_READS,Median number of reads per cell,True,,integer,
scRNALevel3and4,CELL_TOTAL,Number of sequenced cells. Applies to raw counts matrix only,True,,integer,
scRNALevel3and4,CHECKSUM,Checksum for data integrity verification,False,,string,
scRNALevel3and4,DATA_CATEGORY,,True,,string,"Exon Expression Quantification, Gene Expression, Gene Expression Quantification, Isoform Expression Quantification, Other, Splice Junction Quantification, Transcript Expression"
scRNALevel3and4,FILENAME,Name of the file. Must end with .h5ad extension,True,,string,^.+\.h5ad$
scRNALevel3and4,FILE_FORMAT,Format of the file (only h5ad files accepted for Level 3/4),True,,string,^h5ad$
scRNALevel3and4,GENOME_ANNOTATION_URL,URL to genome annotation,False,,string,
scRNALevel3and4,GENOMIC_REFERENCE,Genomic reference used for alignment,True,,string,
scRNALevel3and4,GENOMIC_REFERENCE_URL,URL to genomic reference,False,,string,
scRNALevel3and4,HTAN_DATA_FILE_ID,HTAN Data File ID (Primary Key),True,,string,"^(?=.{1,50}$)(HTA2[0-2][0-9])_(0000|EXT[0-9]{1,18}|[0-9]{1,21})_(D[0-9]{1,20})$"
scRNALevel3and4,HTAN_PARENT_ID,"HTAN Parent ID - Foreign Key to parent entity (B for Biospecimen, D for data file). Must have B or D suffix. Supports HTA200-229 for phase 2.",True,,string,"^(?=.{1,50}$)(HTA2[0-2][0-9])_(0000|EXT[0-9]{1,18}|[0-9]{1,21})_([BD][0-9]{1,20})$"
scRNALevel3and4,LIBRARY_LAYOUT,,True,,string,"Paired-end, Single-end"
scRNALevel3and4,LIBRARY_PREPARATION_DAYS_FROM_INDEX,Days from index for library preparation,False,,integer,
scRNALevel3and4,LINKED_MATRICES,All matrices associated with every part of a SingleCellExperiment object. Comma-delimited list of filenames,False,,string,
scRNALevel3and4,MATRIX_TYPE,,True,,string,"Batch Corrected Counts, Normalized Counts, Raw Counts, Scaled Counts"
scRNALevel3and4,PROTOCOL_LINK,Link to sequencing protocol,False,,string,
scRNALevel3and4,SCRNASEQ_WORKFLOW_PARAMETERS_DESCRIPTION,"Parameters used to run the workflow. scRNA-seq level 3: e.g. Normalization and log transformation, ran empty drops or doublet detection, used filter on # genes/cell, etc. scRNA-seq Level 4: dimensionality reduction with PCA and 50 components, nearest-neighbor graph with k = 20 and Leiden clustering with resolution = 1, UMAP visualization using 50 PCA components, marker genes used to annotate cell types, information about droplet matrix (all barcodes) to cell matrix (only informative barcodes representing real cells) conversion",True,,string,
scRNALevel3and4,SCRNASEQ_WORKFLOW_TYPE,,True,,string,"Cell annotation, CellRanger, Cufflinks, DEXSeq, Differentiation trajectory analysis, HCA Optimus, HTSeq - FPKM, Other, SEQC, STARsolo, dropEST"
scRNALevel3and4,SEQUENCING_BATCH_ID,Sequencing batch identifier,False,,string,
scRNALevel3and4,SEQUENCING_PLATFORM,,True,,string,"ABI_SOLID, BGISEQ, CAPILLARY, COMPLETE_GENOMICS, HELICOS, ILLUMINA, ION_TORRENT, LS454, OXFORD_NANOPORE, PACBIO_SMRT"
scRNALevel3and4,TECHNICAL_REPLICATE_GROUP,Technical replicate group identifier,False,,string,
scRNALevel3and4,WORKFLOW_LINK,Link to workflow or command. DockStore.org recommended,False,,string,
scRNALevel3and4,WORKFLOW_VERSION,Major version of the workflow,True,,string,
